COUNTY,YEAR,FAC_COUNT,STATIONS,PROF_NP,CHAIN_OWN,SURVEY_COUNT,SURVEY_RATE,FAC_STAR,XP_STAR,COMM_SCR,QUALITY_SCR,INFO_SCR,PHYS_SCR,STAFF_SCR,FAC_SCR
Alameda,2018,240,4733,0.8208333333333333,1.0,8426,,3.445859872611465,,81.2484076433121,81.43312101910828,79.75796178343948,84.73885350318471,86.52229299363057,87.98089171974522
Butte,2018,32,584,0.75,1.0,1040,,3.6666666666666665,,80.66666666666667,83.0,84.0,86.33333333333333,87.66666666666667,89.33333333333333
Columbia,2018,2,26,1.0,1.0,80,,4.0,,84.0,88.0,75.0,89.0,93.0,90.0
Contra Costa,2018,137,2690,0.9854014598540146,1.0,6096,,3.0714285714285716,,79.92857142857143,79.57142857142857,77.42857142857143,82.64285714285714,85.85714285714286,86.92857142857143
El Dorado,2018,8,185,1.0,1.0,632,,4.0,,87.0,86.0,84.0,85.0,88.0,90.0
Fresno,2018,119,2467,0.9327731092436975,0.9327731092436975,5112,,2.6666666666666665,,78.11111111111111,77.66666666666667,79.88888888888889,82.77777777777777,83.77777777777777,84.88888888888889
Humboldt,2018,16,222,1.0,1.0,464,,3.0,,76.0,81.0,82.0,84.0,88.0,86.0
Imperial,2018,40,800,1.0,1.0,1448,,3.75,,85.0,84.0,83.5,87.25,88.5,89.25
Inyo,2018,8,96,0.0,0.0,0,,,,,,,,,
Kern,2018,126,2935,1.0,0.9285714285714286,4776,,3.7777777777777777,,80.66666666666667,81.55555555555556,83.77777777777777,84.0,87.44444444444444,89.44444444444444
Kings,2018,32,448,1.0,1.0,1096,,3.0,,83.0,78.0,78.33333333333333,88.33333333333333,84.33333333333333,87.0
Lake,2018,15,180,1.0,1.0,248,,5.0,,80.0,85.0,85.0,80.0,91.0,94.0
Los Angeles,2018,1393,32157,0.9842067480258435,0.8298636037329504,71876,,3.2738205365402404,,81.78075855689177,79.97039777983349,77.86031452358927,85.04625346901018,85.97872340425532,87.56429232192414
Madera,2018,26,484,0.9230769230769231,0.9230769230769231,776,,3.5,,76.0,81.5,80.0,82.0,87.5,89.0
Marin,2018,22,448,0.6363636363636364,1.0,694,,4.571428571428571,,81.0,84.57142857142857,78.28571428571429,86.85714285714286,89.85714285714286,91.71428571428571
Mendocino,2018,16,262,0.0,1.0,296,,5.0,,90.0,91.0,90.0,90.0,93.0,95.0
Merced,2018,48,1013,0.8333333333333334,1.0,1792,,4.5,,84.5,83.25,82.5,88.5,88.75,91.0
Monterey,2018,55,1032,0.8545454545454545,0.8545454545454545,2736,,4.0,,83.0,83.0,85.0,86.2,89.8,91.2
Napa,2018,16,240,1.0,1.0,512,,2.0,,81.0,74.0,78.0,84.0,84.0,83.0
Nevada,2018,8,144,1.0,1.0,0,,,,,,,,,
Orange,2018,367,7715,0.9155313351498637,0.9509536784741145,16963,,3.506622516556291,,83.09271523178808,81.42384105960265,80.43046357615894,86.04966887417218,87.49006622516556,88.6158940397351
Placer,2018,54,859,1.0,1.0,1184,,4.75,,89.0,86.25,83.75,90.5,92.0,94.0
Riverside,2018,262,5892,0.950381679389313,0.8473282442748091,13458,,3.313131313131313,,76.76767676767676,80.04040404040404,80.15151515151516,81.65656565656566,86.8080808080808,87.78787878787878
Sacramento,2018,215,4540,0.7209302325581395,0.9627906976744186,9440,,3.2777777777777777,,81.05555555555556,80.94444444444444,80.22222222222223,83.66666666666667,86.88888888888889,88.05555555555556
San Bernardino,2018,311,6080,0.8906752411575563,0.7652733118971061,14797,,3.6055045871559632,,77.23853211009174,81.26146788990826,80.24311926605505,81.75688073394495,86.55045871559633,88.59633027522936
San Diego,2018,282,5826,0.9645390070921985,0.9078014184397163,14320,,3.206896551724138,,82.65517241379311,79.89655172413794,80.34482758620689,84.75862068965517,86.10344827586206,87.24137931034483
San Francisco,2018,110,1978,0.6727272727272727,0.7818181818181819,3348,,3.0,,85.44444444444444,79.5925925925926,75.4074074074074,87.03703703703704,84.88888888888889,86.37037037037037
San Joaquin,2018,136,2344,0.7205882352941176,0.9411764705882353,4544,,3.272727272727273,,83.27272727272727,80.45454545454545,81.45454545454545,87.45454545454545,87.27272727272727,88.18181818181819
San Luis Obispo,2018,32,440,1.0,1.0,704,,4.0,,79.5,79.5,85.5,85.5,86.5,89.5
San Mateo,2018,116,2168,0.5344827586206896,1.0,4808,,3.7714285714285714,,83.54285714285714,82.97142857142858,81.4,85.91428571428571,88.88571428571429,90.0
Santa Barbara,2018,32,714,1.0,0.5,1920,,3.75,,76.0,82.5,76.0,84.25,84.75,88.75
Santa Clara,2018,235,4871,0.48936170212765956,0.9829787234042553,7484,,3.5,,87.171875,81.390625,81.265625,89.765625,86.609375,88.734375
Santa Cruz,2018,24,372,0.3333333333333333,1.0,1384,,3.0,,84.0,78.0,81.5,88.5,86.0,87.5
Shasta,2018,16,416,0.5,1.0,680,,3.0,,77.5,79.5,80.5,81.0,83.5,86.5
Solano,2018,95,1731,0.8736842105263158,0.9473684210526315,3640,,3.4444444444444446,,88.88888888888889,81.11111111111111,81.22222222222223,90.11111111111111,87.11111111111111,88.77777777777777
Sonoma,2018,54,1022,0.4444444444444444,1.0,2024,,4.2,,82.8,83.8,83.8,85.6,90.4,91.6
Stanislaus,2018,124,2094,0.5967741935483871,1.0,4162,,3.6857142857142855,,84.4,81.31428571428572,81.08571428571429,87.97142857142858,86.88571428571429,89.45714285714286
Sutter,2018,16,360,1.0,1.0,752,,4.5,,83.5,85.0,82.5,90.0,89.0,92.0
Tehama,2018,8,120,1.0,1.0,0,,,,,,,,,
Tulare,2018,65,1271,0.8461538461538461,0.8461538461538461,2570,,4.16,,85.8,82.52,82.12,90.64,89.48,91.32
Tuolumne,2018,8,92,0.0,1.0,352,,4.0,,89.0,87.0,88.0,92.0,95.0,91.0
Ventura,2018,125,2235,1.0,0.992,3488,,4.0,,85.25,82.625,84.625,87.375,89.375,90.125
Yolo,2018,15,259,1.0,0.6666666666666666,662,,2.066666666666667,,74.93333333333334,78.26666666666667,79.53333333333333,75.46666666666667,79.86666666666666,82.8
Yuba,2018,8,120,1.0,1.0,256,,3.0,,60.0,81.0,74.0,64.0,85.0,88.0
Alameda,2019,240,4733,0.8208333333333333,1.0,7678,,3.4394904458598727,,81.63694267515923,81.51592356687898,80.42038216560509,84.6687898089172,86.96815286624204,88.44585987261146
Butte,2019,36,680,0.7777777777777778,1.0,1144,,4.333333333333333,,84.0,84.0,82.66666666666667,89.0,89.66666666666667,92.33333333333333
Columbia,2019,2,26,1.0,1.0,60,,4.0,,85.0,80.0,79.0,90.0,88.0,89.0
Contra Costa,2019,145,2702,0.9586206896551724,1.0,5400,,3.230769230769231,,80.61538461538461,80.53846153846153,80.6923076923077,83.61538461538461,87.0,87.3076923076923
Del Norte,2019,4,36,1.0,0.0,0,,,,,,,,,
El Dorado,2019,8,185,1.0,1.0,592,,4.0,,86.0,81.0,81.0,86.0,89.0,90.0
Fresno,2019,125,2539,0.888,0.888,4968,,3.3,,80.1,78.9,81.4,84.8,86.0,87.5
Humboldt,2019,16,222,1.0,1.0,408,,2.0,,77.0,80.0,79.0,80.0,84.0,82.0
Imperial,2019,40,800,1.0,1.0,1192,,4.333333333333333,,83.66666666666667,84.66666666666667,81.33333333333333,88.0,89.33333333333333,91.0
Inyo,2019,8,96,0.0,0.0,0,,,,,,,,,
Kern,2019,130,2999,1.0,0.9307692307692308,4680,,3.6666666666666665,,82.77777777777777,82.77777777777777,80.88888888888889,87.44444444444444,87.66666666666667,90.0
Kings,2019,32,448,1.0,1.0,1072,,3.0,,80.66666666666667,76.66666666666667,81.66666666666667,86.66666666666667,84.33333333333333,86.0
Lake,2019,15,180,1.0,1.0,0,,,,,,,,,
Los Angeles,2019,1453,33418,0.9683413626978665,0.8313833448038541,64536,,3.295985060690943,,81.39775910364146,79.81979458450047,78.68627450980392,85.4407096171802,86.29878618113912,87.84593837535014
Madera,2019,27,484,0.8888888888888888,0.8888888888888888,672,,3.5,,75.0,81.5,83.5,82.0,86.0,89.0
Marin,2019,22,448,0.6363636363636364,1.0,624,,3.5714285714285716,,84.57142857142857,80.71428571428571,83.57142857142857,89.0,88.0,90.42857142857143
Mendocino,2019,16,262,0.0,1.0,240,,5.0,,85.0,90.0,90.0,86.0,92.0,94.0
Merced,2019,48,1013,0.8333333333333334,1.0,1600,,3.25,,79.0,80.25,79.75,85.0,85.25,88.5
Monterey,2019,55,1032,0.8545454545454545,0.8545454545454545,2392,,4.0,,84.75,81.25,83.75,89.25,88.25,90.75
Napa,2019,22,318,1.0,1.0,496,,2.0,,78.0,75.0,75.0,82.0,81.0,82.0
Nevada,2019,8,144,1.0,1.0,240,,5.0,,90.0,87.0,89.0,92.0,98.0,96.0
Orange,2019,383,8141,0.8981723237597912,0.9399477806788512,16742,,3.5953177257525084,,83.39799331103679,82.3913043478261,80.85953177257525,86.28428093645485,88.01672240802675,89.4314381270903
Placer,2019,54,859,1.0,1.0,1152,,4.0,,85.75,83.75,81.5,88.25,91.0,93.0
Riverside,2019,278,6228,0.9388489208633094,0.8561151079136691,11900,,3.3789473684210525,,78.0421052631579,81.02105263157895,82.09473684210526,82.61052631578947,86.96842105263158,88.05263157894737
Sacramento,2019,223,4688,0.7130044843049327,0.9641255605381166,8976,,3.736842105263158,,81.42105263157895,81.3157894736842,80.78947368421052,83.78947368421052,88.21052631578948,89.42105263157895
San Bernardino,2019,315,6112,0.8793650793650793,0.7555555555555555,12997,,3.5825688073394497,,78.41743119266054,82.02752293577981,81.88990825688073,82.78440366972477,87.75229357798165,89.41743119266054
San Diego,2019,290,5932,0.9517241379310345,0.896551724137931,13960,,3.357142857142857,,83.46428571428571,80.96428571428571,79.89285714285714,85.85714285714286,86.42857142857143,87.57142857142857
San Francisco,2019,110,1978,0.6727272727272727,0.7818181818181819,2528,,3.3333333333333335,,85.66666666666667,79.33333333333333,78.66666666666667,89.16666666666667,86.5,87.5
San Joaquin,2019,136,2344,0.7205882352941176,0.9411764705882353,4112,,3.7,,82.6,81.5,80.3,85.2,88.4,89.7
San Luis Obispo,2019,32,440,1.0,1.0,632,,4.5,,83.0,85.0,87.0,88.0,91.5,92.5
San Mateo,2019,116,2168,0.5344827586206896,1.0,4260,,3.7714285714285714,,85.0,83.88571428571429,82.31428571428572,88.17142857142858,89.48571428571428,90.71428571428571
Santa Barbara,2019,32,714,1.0,0.5,1552,,3.0,,82.33333333333333,81.33333333333333,81.0,85.66666666666667,87.33333333333333,87.33333333333333
Santa Clara,2019,255,5191,0.4666666666666667,0.9529411764705882,7372,,3.5428571428571427,,87.68571428571428,81.8,81.95714285714286,89.51428571428572,87.4,89.65714285714286
Santa Cruz,2019,24,372,0.3333333333333333,1.0,1280,,3.5,,86.0,79.0,82.0,90.0,87.0,88.5
Shasta,2019,16,416,0.5,1.0,736,,3.5,,81.5,80.0,84.0,83.0,85.5,88.5
Solano,2019,101,1731,0.8811881188118812,0.9504950495049505,3408,,4.125,,88.25,82.5,83.375,88.625,89.0,90.75
Sonoma,2019,62,1262,0.5161290322580645,1.0,2072,,4.0,,83.8,83.2,82.2,86.0,90.2,91.6
Stanislaus,2019,126,2142,0.6031746031746031,1.0,3700,,4.114285714285714,,86.2,82.57142857142857,82.97142857142858,89.62857142857143,88.71428571428571,91.74285714285715
Sutter,2019,16,360,1.0,1.0,784,,4.5,,86.0,85.0,84.5,91.0,92.0,93.0
Tehama,2019,8,120,1.0,1.0,336,,5.0,,89.0,87.0,88.0,90.0,93.0,96.0
Tulare,2019,67,1335,0.8805970149253731,0.8805970149253731,2480,,3.6666666666666665,,86.0,83.5,83.5,89.33333333333333,89.0,89.5
Tuolumne,2019,8,92,0.0,1.0,312,,4.0,,91.0,90.0,90.0,92.0,94.0,93.0
Ventura,2019,125,2235,1.0,0.992,3672,,3.888888888888889,,85.44444444444444,83.77777777777777,82.22222222222223,87.88888888888889,89.22222222222223,90.55555555555556
Yolo,2019,15,259,1.0,0.6666666666666666,822,,3.0,,77.53333333333333,80.13333333333334,83.2,78.06666666666666,84.66666666666667,86.06666666666666
Yuba,2019,8,120,1.0,1.0,240,,3.0,,66.0,74.0,76.0,71.0,82.0,86.0
Alameda,2020,243,4817,0.823045267489712,1.0,7726,,3.933333333333333,,80.2,80.68,81.04,83.37333333333333,86.62666666666667,88.28
Butte,2020,36,680,0.7777777777777778,1.0,1048,,4.333333333333333,,81.66666666666667,82.66666666666667,83.0,86.66666666666667,88.66666666666667,91.33333333333333
Columbia,2020,2,26,1.0,1.0,0,,,,,,,,,
Contra Costa,2020,148,2777,0.9594594594594594,1.0,5504,,3.7142857142857144,,79.78571428571429,80.85714285714286,77.78571428571429,83.78571428571429,86.5,87.14285714285714
Del Norte,2020,4,36,1.0,0.0,0,,,,,,,,,
El Dorado,2020,8,185,1.0,1.0,560,,4.0,,80.0,82.0,84.0,83.0,86.0,89.0
Fresno,2020,131,2614,0.8931297709923665,0.8931297709923665,4895,,3.896551724137931,,81.183908045977,79.55172413793103,82.50574712643679,86.08045977011494,86.04597701149426,88.32183908045977
Humboldt,2020,16,222,1.0,1.0,392,,3.0,,71.0,79.0,79.0,86.0,85.0,84.0
Imperial,2020,40,800,1.0,1.0,1064,,4.333333333333333,,85.33333333333333,84.0,81.66666666666667,89.33333333333333,89.0,90.33333333333333
Inyo,2020,8,96,0.0,0.0,0,,,,,,,,,
Kern,2020,136,3179,1.0,0.9338235294117647,4096,,4.555555555555555,,82.33333333333333,83.0,83.33333333333333,85.33333333333333,90.0,91.33333333333333
Kings,2020,32,448,1.0,1.0,984,,5.0,,86.66666666666667,83.33333333333333,84.0,89.33333333333333,90.33333333333333,91.66666666666667
Lake,2020,15,180,1.0,1.0,0,,,,,,,,,
Los Angeles,2020,1489,34323,0.9711215580926796,0.8307588985896575,60978,,3.7732342007434942,,81.52230483271376,80.31412639405204,79.21189591078067,85.14869888475836,86.63011152416357,87.72583643122677
Madera,2020,27,484,0.8888888888888888,0.8888888888888888,552,,3.5,,77.5,79.5,82.5,80.5,83.0,87.0
Marin,2020,22,448,0.6363636363636364,1.0,352,,5.0,,84.0,84.0,80.0,85.0,90.0,91.0
Mendocino,2020,16,262,0.0,1.0,328,,5.0,,83.0,86.0,83.0,86.0,91.0,91.0
Merced,2020,48,1013,0.8333333333333334,1.0,1184,,4.0,,83.66666666666667,83.33333333333333,86.66666666666667,86.66666666666667,89.66666666666667,89.66666666666667
Monterey,2020,58,1104,0.8620689655172413,0.8620689655172413,2272,,3.5,,82.75,79.75,81.5,86.0,85.5,86.75
Napa,2020,22,318,1.0,1.0,456,,2.0,,87.0,78.0,79.0,89.0,84.0,82.0
Nevada,2020,8,144,1.0,1.0,0,,,,,,,,,
Orange,2020,392,8339,0.9081632653061225,0.9489795918367347,14828,,4.227586206896552,,82.28275862068965,82.28275862068965,82.04137931034482,85.62068965517241,88.68275862068965,89.9103448275862
Placer,2020,54,859,1.0,1.0,640,,5.0,,90.5,86.5,80.0,90.5,90.5,92.5
Riverside,2020,285,6328,0.9298245614035088,0.8491228070175438,10610,,3.9473684210526314,,79.71578947368421,81.66315789473684,83.30526315789474,83.93684210526315,87.08421052631579,88.43157894736842
Sacramento,2020,224,4688,0.7142857142857143,0.9642857142857143,9015,,4.341317365269461,,82.88622754491018,83.2874251497006,83.16766467065868,84.58682634730539,87.9940119760479,89.98203592814372
San Bernardino,2020,317,6167,0.8801261829652997,0.7570977917981072,11753,,4.253393665158371,,78.44343891402715,82.0,82.39819004524887,83.13122171945702,88.1131221719457,89.41628959276018
San Diego,2020,293,5968,0.9522184300341296,0.8873720136518771,12776,,3.892857142857143,,83.46428571428571,81.21428571428571,81.82142857142857,85.67857142857143,87.17857142857143,88.10714285714286
San Francisco,2020,113,2017,0.6548672566371682,0.7876106194690266,1872,,3.4,,85.4,81.0,81.4,88.0,85.8,86.2
San Joaquin,2020,139,2416,0.7266187050359713,0.9424460431654677,3720,,4.5,,82.6,83.1,84.4,86.4,89.9,91.2
San Luis Obispo,2020,32,440,1.0,1.0,968,,4.666666666666667,,83.0,84.0,86.33333333333333,87.33333333333333,90.66666666666667,91.33333333333333
San Mateo,2020,119,2240,0.5462184873949579,1.0,3840,,4.625,,84.875,84.5,84.375,87.75,90.5,91.625
Santa Barbara,2020,32,714,1.0,0.5,2080,,4.25,,79.0,82.25,82.0,84.75,88.75,89.5
Santa Clara,2020,259,5251,0.46332046332046334,0.9536679536679536,7200,,4.450381679389313,,87.4885496183206,82.67175572519083,83.4885496183206,90.46564885496183,87.93129770992367,90.0
Santa Cruz,2020,27,423,0.4074074074074074,0.8888888888888888,1256,,4.5,,88.5,81.0,85.0,90.0,88.5,90.5
Shasta,2020,16,416,0.5,1.0,824,,4.5,,79.0,82.0,84.5,83.5,89.0,91.0
Solano,2020,101,1731,0.8811881188118812,0.9504950495049505,3344,,4.75,,89.0,84.375,82.625,89.375,89.5,91.75
Sonoma,2020,62,1262,0.5161290322580645,1.0,1656,,4.25,,83.25,81.75,82.0,86.75,88.0,90.0
Stanislaus,2020,129,2217,0.5891472868217055,1.0,2894,,4.516129032258065,,86.96774193548387,83.64516129032258,81.64516129032258,89.70967741935483,89.19354838709677,91.09677419354838
Sutter,2020,16,360,1.0,1.0,480,,5.0,,80.0,79.0,86.0,85.0,88.0,91.0
Tehama,2020,8,120,1.0,1.0,344,,5.0,,85.0,88.0,88.0,89.0,95.0,96.0
Tulare,2020,67,1335,0.8805970149253731,0.8805970149253731,2432,,3.8333333333333335,,84.33333333333333,80.33333333333333,84.0,87.0,87.33333333333333,88.33333333333333
Tuolumne,2020,8,92,0.0,1.0,0,,,,,,,,,
Ventura,2020,125,2235,1.0,0.992,3224,,4.375,,87.625,82.5,83.125,91.125,89.875,91.0
Yolo,2020,18,322,1.0,0.7222222222222222,655,,4.533333333333333,,85.0,84.06666666666666,88.4,85.0,90.0,90.06666666666666
Yuba,2020,8,120,1.0,1.0,248,,4.0,,72.0,82.0,82.0,76.0,87.0,88.0
Alameda,2021,243,4817,0.823045267489712,1.0,7726,,3.933333333333333,,80.2,80.68,81.04,83.37333333333333,86.62666666666667,88.28
Butte,2021,36,680,0.7777777777777778,1.0,1048,,4.333333333333333,,81.66666666666667,82.66666666666667,83.0,86.66666666666667,88.66666666666667,91.33333333333333
Columbia,2021,2,26,1.0,1.0,0,,,,,,,,,
Contra Costa,2021,148,2777,0.9594594594594594,1.0,5504,,3.7142857142857144,,79.78571428571429,80.85714285714286,77.78571428571429,83.78571428571429,86.5,87.14285714285714
Del Norte,2021,4,36,1.0,0.0,0,,,,,,,,,
El Dorado,2021,8,185,1.0,1.0,560,,4.0,,80.0,82.0,84.0,83.0,86.0,89.0
Fresno,2021,131,2614,0.8931297709923665,0.8931297709923665,4895,,3.896551724137931,,81.183908045977,79.55172413793103,82.50574712643679,86.08045977011494,86.04597701149426,88.32183908045977
Humboldt,2021,16,222,1.0,1.0,392,,3.0,,71.0,79.0,79.0,86.0,85.0,84.0
Imperial,2021,40,800,1.0,1.0,1064,,4.333333333333333,,85.33333333333333,84.0,81.66666666666667,89.33333333333333,89.0,90.33333333333333
Inyo,2021,8,96,0.0,0.0,0,,,,,,,,,
Kern,2021,136,3179,1.0,0.9338235294117647,4096,,4.555555555555555,,82.33333333333333,83.0,83.33333333333333,85.33333333333333,90.0,91.33333333333333
Kings,2021,32,448,1.0,1.0,984,,5.0,,86.66666666666667,83.33333333333333,84.0,89.33333333333333,90.33333333333333,91.66666666666667
Lake,2021,15,180,1.0,1.0,0,,,,,,,,,
Los Angeles,2021,1489,34323,0.9711215580926796,0.8307588985896575,60978,,3.7732342007434942,,81.52230483271376,80.31412639405204,79.21189591078067,85.14869888475836,86.63011152416357,87.72583643122677
Madera,2021,27,484,0.8888888888888888,0.8888888888888888,552,,3.5,,77.5,79.5,82.5,80.5,83.0,87.0
Marin,2021,22,448,0.6363636363636364,1.0,352,,5.0,,84.0,84.0,80.0,85.0,90.0,91.0
Mendocino,2021,16,262,0.0,1.0,328,,5.0,,83.0,86.0,83.0,86.0,91.0,91.0
Merced,2021,48,1013,0.8333333333333334,1.0,1184,,4.0,,83.66666666666667,83.33333333333333,86.66666666666667,86.66666666666667,89.66666666666667,89.66666666666667
Monterey,2021,58,1104,0.8620689655172413,0.8620689655172413,2272,,3.5,,82.75,79.75,81.5,86.0,85.5,86.75
Napa,2021,22,318,1.0,1.0,456,,2.0,,87.0,78.0,79.0,89.0,84.0,82.0
Nevada,2021,8,144,1.0,1.0,0,,,,,,,,,
Orange,2021,392,8339,0.9081632653061225,0.9489795918367347,14828,,4.227586206896552,,82.28275862068965,82.28275862068965,82.04137931034482,85.62068965517241,88.68275862068965,89.9103448275862
Placer,2021,54,859,1.0,1.0,640,,5.0,,90.5,86.5,80.0,90.5,90.5,92.5
Riverside,2021,285,6328,0.9298245614035088,0.8491228070175438,10610,,3.9473684210526314,,79.71578947368421,81.66315789473684,83.30526315789474,83.93684210526315,87.08421052631579,88.43157894736842
Sacramento,2021,224,4688,0.7142857142857143,0.9642857142857143,9015,,4.341317365269461,,82.88622754491018,83.2874251497006,83.16766467065868,84.58682634730539,87.9940119760479,89.98203592814372
San Bernardino,2021,317,6167,0.8801261829652997,0.7570977917981072,11753,,4.253393665158371,,78.44343891402715,82.0,82.39819004524887,83.13122171945702,88.1131221719457,89.41628959276018
San Diego,2021,293,5968,0.9522184300341296,0.8873720136518771,12776,,3.892857142857143,,83.46428571428571,81.21428571428571,81.82142857142857,85.67857142857143,87.17857142857143,88.10714285714286
San Francisco,2021,113,2017,0.6548672566371682,0.7876106194690266,1872,,3.4,,85.4,81.0,81.4,88.0,85.8,86.2
San Joaquin,2021,139,2416,0.7266187050359713,0.9424460431654677,3720,,4.5,,82.6,83.1,84.4,86.4,89.9,91.2
San Luis Obispo,2021,32,440,1.0,1.0,968,,4.666666666666667,,83.0,84.0,86.33333333333333,87.33333333333333,90.66666666666667,91.33333333333333
San Mateo,2021,119,2240,0.5462184873949579,1.0,3840,,4.625,,84.875,84.5,84.375,87.75,90.5,91.625
Santa Barbara,2021,32,714,1.0,0.5,2080,,4.25,,79.0,82.25,82.0,84.75,88.75,89.5
Santa Clara,2021,259,5251,0.46332046332046334,0.9536679536679536,7200,,4.450381679389313,,87.4885496183206,82.67175572519083,83.4885496183206,90.46564885496183,87.93129770992367,90.0
Santa Cruz,2021,27,423,0.4074074074074074,0.8888888888888888,1256,,4.5,,88.5,81.0,85.0,90.0,88.5,90.5
Shasta,2021,16,416,0.5,1.0,824,,4.5,,79.0,82.0,84.5,83.5,89.0,91.0
Solano,2021,101,1731,0.8811881188118812,0.9504950495049505,3344,,4.75,,89.0,84.375,82.625,89.375,89.5,91.75
Sonoma,2021,62,1262,0.5161290322580645,1.0,1656,,4.25,,83.25,81.75,82.0,86.75,88.0,90.0
Stanislaus,2021,129,2217,0.5891472868217055,1.0,2894,,4.516129032258065,,86.96774193548387,83.64516129032258,81.64516129032258,89.70967741935483,89.19354838709677,91.09677419354838
Sutter,2021,16,360,1.0,1.0,480,,5.0,,80.0,79.0,86.0,85.0,88.0,91.0
Tehama,2021,8,120,1.0,1.0,344,,5.0,,85.0,88.0,88.0,89.0,95.0,96.0
Tulare,2021,67,1335,0.8805970149253731,0.8805970149253731,2432,,3.8333333333333335,,84.33333333333333,80.33333333333333,84.0,87.0,87.33333333333333,88.33333333333333
Tuolumne,2021,8,92,0.0,1.0,0,,,,,,,,,
Ventura,2021,125,2235,1.0,0.992,3224,,4.375,,87.625,82.5,83.125,91.125,89.875,91.0
Yolo,2021,18,322,1.0,0.7222222222222222,655,,4.533333333333333,,85.0,84.06666666666666,88.4,85.0,90.0,90.06666666666666
Yuba,2021,8,120,1.0,1.0,248,,4.0,,72.0,82.0,82.0,76.0,87.0,88.0
Alameda,2022,249,4952,0.8273092369477911,1.0,4380,,3.392156862745098,,80.31372549019608,81.41176470588235,78.62745098039215,83.37254901960785,86.88235294117646,87.86274509803921
Butte,2022,36,680,0.7777777777777778,1.0,536,,4.0,,86.0,83.0,84.5,87.0,90.0,90.5
Columbia,2022,2,26,1.0,1.0,0,,,,,,,,,
Contra Costa,2022,154,2849,0.961038961038961,1.0,3145,,3.4936708860759493,,80.9620253164557,80.78481012658227,78.30379746835443,82.68354430379746,86.39240506329114,88.10126582278481
Del Norte,2022,4,36,1.0,0.0,0,,,,,,,,,
El Dorado,2022,8,185,1.0,1.0,248,,5.0,,88.0,91.0,89.0,92.0,95.0,96.0
Fresno,2022,134,2614,0.8955223880597015,0.8955223880597015,2764,,3.238095238095238,,77.17460317460318,77.04761904761905,79.66666666666667,81.68253968253968,84.6984126984127,86.66666666666667
Humboldt,2022,16,222,1.0,1.0,0,,,,,,,,,
Imperial,2022,40,800,1.0,1.0,520,,4.0,,88.0,81.0,83.0,87.5,89.0,90.5
Inyo,2022,8,96,0.0,0.0,0,,,,,,,,,
Kern,2022,136,3179,1.0,0.9338235294117647,1336,,4.0,,82.33333333333333,84.66666666666667,79.66666666666667,85.33333333333333,87.0,90.33333333333333
Kings,2022,32,448,1.0,1.0,576,,4.0,,78.0,82.5,85.5,83.5,88.5,88.5
Lake,2022,15,180,1.0,1.0,0,,,,,,,,,
Los Angeles,2022,1522,34914,0.9717477003942181,0.8298291721419185,41534,,3.617868675995694,,81.45748116254036,80.64693218514532,78.54144241119484,85.0075349838536,86.93649085037674,88.06027987082885
Madera,2022,24,484,1.0,1.0,272,,4.0,,75.0,85.0,79.0,82.0,87.0,90.0
Marin,2022,22,448,0.6363636363636364,1.0,288,,5.0,,90.0,89.0,83.0,92.0,95.0,94.0
Mendocino,2022,16,262,0.0,1.0,264,,4.0,,86.0,84.0,88.0,89.0,88.0,92.0
Merced,2022,48,1013,0.8333333333333334,1.0,968,,3.0,,78.33333333333333,79.0,82.66666666666667,82.66666666666667,83.33333333333333,84.33333333333333
Monterey,2022,58,1104,0.8620689655172413,0.8620689655172413,1344,,4.0,,86.33333333333333,82.33333333333333,83.66666666666667,86.66666666666667,89.33333333333333,89.66666666666667
Napa,2022,22,318,1.0,1.0,272,,4.0,,82.0,75.0,77.0,88.0,85.0,89.0
Nevada,2022,8,144,1.0,1.0,0,,,,,,,,,
Orange,2022,395,8411,0.9088607594936708,0.9493670886075949,9200,,4.02970297029703,,82.72277227722772,83.78217821782178,81.68316831683168,85.89108910891089,89.66336633663366,90.42574257425743
Placer,2022,54,859,1.0,1.0,0,,,,,,,,,
Riverside,2022,285,6328,0.9298245614035088,0.8491228070175438,6938,,3.9426751592356686,,78.67515923566879,81.47770700636943,81.40764331210191,83.78980891719745,88.04458598726114,89.38853503184713
Sacramento,2022,224,4688,0.7142857142857143,0.9642857142857143,5705,,4.0,,79.68148148148148,82.1037037037037,80.84444444444445,83.14814814814815,87.92592592592592,89.6962962962963
San Bernardino,2022,320,6209,0.88125,0.759375,6217,,3.7777777777777777,,77.50326797385621,82.49019607843137,79.33333333333333,81.66666666666667,87.84313725490196,88.80392156862744
San Diego,2022,296,6079,0.9527027027027027,0.8885135135135135,8776,,3.5,,83.04545454545455,79.86363636363636,79.9090909090909,85.9090909090909,86.72727272727273,87.45454545454545
San Francisco,2022,113,2017,0.6548672566371682,0.7876106194690266,1432,,3.75,,84.25,82.25,79.0,88.75,88.75,88.5
San Joaquin,2022,139,2416,0.7266187050359713,0.9424460431654677,2640,,4.25,,83.5,84.75,80.5,87.875,90.5,90.875
San Luis Obispo,2022,32,440,1.0,1.0,272,,5.0,,85.0,84.0,83.0,89.0,92.0,94.0
San Mateo,2022,119,2240,0.5462184873949579,1.0,2632,,3.8333333333333335,,83.5,82.83333333333333,84.0,88.0,88.16666666666667,89.66666666666667
Santa Barbara,2022,35,729,1.0,0.5428571428571428,2096,,3.5,,81.0,79.75,79.5,85.25,87.5,88.0
Santa Clara,2022,259,5251,0.46332046332046334,0.9536679536679536,5178,,3.934959349593496,,88.0650406504065,83.55284552845528,82.21138211382114,91.16260162601625,89.14634146341463,90.03252032520325
Santa Cruz,2022,27,423,0.4074074074074074,0.8888888888888888,976,,4.0,,89.0,85.0,85.0,92.5,90.5,90.5
Shasta,2022,16,416,0.5,1.0,640,,4.0,,78.0,82.5,81.5,81.5,87.5,91.5
Solano,2022,104,1731,0.8846153846153846,0.9519230769230769,2280,,4.0,,89.85714285714286,83.14285714285714,80.0,89.57142857142857,88.28571428571429,90.14285714285714
Sonoma,2022,62,1262,0.5161290322580645,1.0,1136,,4.333333333333333,,82.0,84.33333333333333,83.66666666666667,85.66666666666667,90.33333333333333,91.66666666666667
Stanislaus,2022,132,2289,0.5757575757575758,1.0,2192,,3.857142857142857,,85.14285714285714,81.85714285714286,79.85714285714286,87.57142857142857,88.28571428571429,90.28571428571429
Sutter,2022,16,360,1.0,1.0,592,,4.0,,80.0,81.0,85.0,86.0,87.0,90.5
Tehama,2022,8,120,1.0,1.0,272,,5.0,,90.0,89.0,84.0,87.0,95.0,97.0
Tulare,2022,67,1335,0.8805970149253731,0.8805970149253731,1708,,3.909090909090909,,81.0909090909091,81.72727272727273,80.9090909090909,86.72727272727273,87.0,88.9090909090909
Tuolumne,2022,8,92,0.0,1.0,0,,,,,,,,,
Ventura,2022,128,2310,1.0,0.9921875,1808,,4.0,,85.8,83.2,85.0,88.4,87.6,89.8
Yolo,2022,18,322,1.0,0.7222222222222222,280,,4.0,,85.0,84.0,85.0,88.0,90.0,90.0
Yuba,2022,8,120,1.0,1.0,0,,,,,,,,,
Alameda,2023,239,4770,0.8200836820083682,1.0,4898,24.42105263157895,3.008771929824561,2.9298245614035086,77.20175438596492,78.85087719298245,75.6842105263158,81.69298245614036,84.89473684210526,86.2719298245614
Butte,2023,36,680,0.7777777777777778,1.0,616,27.5,4.0,4.0,83.0,84.0,86.5,86.0,88.0,90.5
Columbia,2023,2,26,1.0,1.0,0,,,,,,,,,
Contra Costa,2023,154,2849,0.961038961038961,1.0,3927,27.91578947368421,3.5052631578947366,3.336842105263158,80.5578947368421,80.8,79.12631578947368,84.0,85.94736842105263,87.7578947368421
Del Norte,2023,4,36,1.0,0.0,0,,,,,,,,,
El Dorado,2023,8,185,1.0,1.0,368,34.0,4.0,4.0,82.0,82.0,89.0,85.0,92.0,92.0
Fresno,2023,138,2718,0.8985507246376812,0.8985507246376812,4454,26.28048780487805,2.975609756097561,2.8048780487804876,74.21951219512195,77.21951219512195,77.39024390243902,80.3170731707317,84.21951219512195,86.32926829268293
Humboldt,2023,16,222,1.0,1.0,304,32.0,3.0,4.0,81.0,83.0,84.0,87.0,86.0,86.0
Imperial,2023,40,800,1.0,1.0,1304,24.0,3.25,3.75,88.0,81.75,79.0,88.25,86.0,87.5
Inyo,2023,8,96,0.0,0.0,0,,,,,,,,,
Kern,2023,136,3179,1.0,0.9338235294117647,3321,26.788732394366196,3.676056338028169,3.563380281690141,78.88732394366197,81.45070422535211,77.12676056338029,84.14084507042253,88.45070422535211,89.35211267605634
Kings,2023,32,448,1.0,1.0,952,28.666666666666668,3.0,3.3333333333333335,80.33333333333333,81.66666666666667,81.66666666666667,84.66666666666667,86.66666666666667,87.33333333333333
Lake,2023,15,180,1.0,1.0,0,,,,,,,,,
Los Angeles,2023,1467,33372,0.9747784594410361,0.8179959100204499,47118,25.3640081799591,3.1952965235173822,3.259713701431493,80.06646216768917,80.05010224948876,76.69529652351738,84.10122699386503,85.90081799591002,87.3159509202454
Madera,2023,24,484,1.0,1.0,288,25.0,4.0,4.0,83.0,84.0,82.0,90.0,88.0,92.0
Marin,2023,16,376,0.5,1.0,504,27.5,4.0,4.5,86.0,84.5,84.5,86.5,89.5,92.0
Mendocino,2023,16,262,0.0,1.0,352,29.0,3.0,3.0,81.0,80.0,75.0,84.0,87.0,88.0
Merced,2023,50,1039,0.8,1.0,1088,28.333333333333332,4.333333333333333,4.0,83.0,83.0,81.0,86.33333333333333,89.33333333333333,91.33333333333333
Monterey,2023,58,1104,0.8620689655172413,0.8620689655172413,1936,29.94871794871795,3.769230769230769,3.3846153846153846,82.0,79.92307692307692,80.38461538461539,84.84615384615384,86.33333333333333,89.1025641025641
Napa,2023,22,318,1.0,1.0,416,33.0,4.0,4.0,86.0,82.0,88.0,87.0,91.0,92.0
Nevada,2023,8,144,1.0,1.0,0,,,,,,,,,
Orange,2023,389,8135,0.9074550128534704,0.9485861182519281,12990,28.119402985074625,3.701492537313433,3.708955223880597,81.55970149253731,81.44776119402985,78.93283582089552,85.58208955223881,87.77611940298507,89.16417910447761
Placer,2023,48,775,1.0,1.0,1176,28.25,4.0,4.5,88.25,84.75,80.75,90.0,90.25,91.75
Riverside,2023,280,6209,0.9285714285714286,0.8464285714285714,9789,26.946524064171122,3.320855614973262,3.192513368983957,77.45454545454545,80.82352941176471,80.16042780748663,81.29946524064171,86.91978609625669,87.6096256684492
Sacramento,2023,227,4784,0.7180616740088106,0.9647577092511013,6881,25.111888111888113,3.5594405594405596,3.3986013986013988,78.35664335664336,82.04195804195804,80.12587412587412,81.92307692307692,88.7132867132867,89.25174825174825
San Benito,2023,2,2,0.0,1.0,0,,,,,,,,,
San Bernardino,2023,314,6209,0.8789808917197452,0.7738853503184714,8502,23.524752475247524,3.6534653465346536,3.386138613861386,77.35643564356435,81.98019801980197,79.93069306930693,81.95049504950495,88.35643564356435,89.04455445544555
San Diego,2023,300,6113,0.9533333333333334,0.8833333333333333,12136,25.814814814814813,3.111111111111111,3.4074074074074074,82.33333333333333,79.55555555555556,77.48148148148148,85.33333333333333,85.66666666666667,86.88888888888889
San Francisco,2023,107,1915,0.6355140186915887,0.7757009345794392,1992,25.833333333333332,2.1666666666666665,3.0,83.83333333333333,76.16666666666667,74.83333333333333,88.33333333333333,82.66666666666667,83.5
San Joaquin,2023,139,2416,0.7266187050359713,0.9424460431654677,3344,23.7,4.0,3.9,83.0,81.9,81.3,86.7,89.1,89.9
San Luis Obispo,2023,32,440,1.0,1.0,552,35.0,4.5,4.0,88.0,82.0,82.5,90.0,89.0,91.5
San Mateo,2023,111,2200,0.5135135135135135,1.0,2468,23.098039215686274,3.784313725490196,3.843137254901961,85.6470588235294,83.66666666666667,81.01960784313725,88.01960784313725,88.13725490196079,89.50980392156863
Santa Barbara,2023,37,779,1.0,0.5675675675675675,2392,33.0,3.25,3.5,77.75,81.25,79.75,84.5,87.5,87.75
Santa Clara,2023,235,4753,0.425531914893617,0.948936170212766,4090,21.643564356435643,3.603960396039604,3.6831683168316833,85.61386138613861,81.68316831683168,78.1980198019802,88.3069306930693,87.20792079207921,88.67326732673267
Santa Cruz,2023,27,423,0.4074074074074074,0.8888888888888888,656,18.0,4.5,4.5,87.0,84.5,82.0,90.5,89.5,92.5
Shasta,2023,16,416,0.5,1.0,512,33.0,4.0,4.0,86.0,85.0,85.0,88.0,92.0,92.0
Solano,2023,104,1731,0.8846153846153846,0.9519230769230769,2536,25.714285714285715,3.142857142857143,3.4285714285714284,84.85714285714286,82.14285714285714,77.57142857142857,87.0,86.42857142857143,88.14285714285714
Sonoma,2023,52,1088,0.4230769230769231,1.0,1248,28.25,4.25,3.75,82.0,82.0,79.75,86.5,90.25,91.0
Stanislaus,2023,126,2193,0.5555555555555556,1.0,2502,25.523809523809526,3.746031746031746,3.746031746031746,83.41269841269842,81.96825396825396,80.03174603174604,87.82539682539682,88.0,90.4920634920635
Sutter,2023,16,360,1.0,1.0,680,27.0,4.0,4.0,84.0,85.5,85.0,87.5,91.0,91.0
Tehama,2023,8,120,1.0,1.0,336,32.0,5.0,4.0,83.0,84.0,87.0,89.0,91.0,93.0
Tulare,2023,69,1369,0.8840579710144928,0.8840579710144928,2560,26.666666666666668,3.6666666666666665,3.7333333333333334,81.6,80.2,79.33333333333333,87.0,86.4,88.8
Tuolumne,2023,8,92,0.0,1.0,0,,,,,,,,,
Ventura,2023,123,2205,1.0,0.991869918699187,2104,24.666666666666668,3.8333333333333335,3.8333333333333335,86.66666666666667,81.5,81.83333333333333,89.83333333333333,88.16666666666667,89.5
Yolo,2023,18,322,1.0,0.7222222222222222,621,30.166666666666668,2.7777777777777777,3.1666666666666665,79.0,81.38888888888889,83.72222222222223,81.0,85.83333333333333,86.77777777777777
Yuba,2023,8,120,1.0,1.0,264,25.0,3.0,3.0,73.0,79.0,81.0,76.0,83.0,88.0
Alameda,2024,225,4581,0.8311111111111111,1.0,4378,23.404040404040405,3.272727272727273,3.0303030303030303,77.78787878787878,80.15151515151516,76.70707070707071,82.14141414141415,86.92929292929293,87.92929292929293
Butte,2024,36,680,0.7777777777777778,1.0,616,27.0,4.0,4.0,83.5,83.0,86.5,86.5,90.0,91.5
Columbia,2024,2,26,1.0,1.0,0,,,,,,,,,
Contra Costa,2024,154,2849,0.961038961038961,1.0,3685,26.744444444444444,2.8777777777777778,3.088888888888889,80.1,79.54444444444445,76.84444444444445,82.6,83.92222222222222,85.41111111111111
Del Norte,2024,4,36,1.0,0.0,0,,,,,,,,,
El Dorado,2024,8,185,1.0,1.0,384,34.0,3.0,4.0,76.0,80.0,85.0,79.0,88.0,89.0
Fresno,2024,132,2646,0.9393939393939394,0.9393939393939394,4419,25.426829268292682,2.9390243902439024,3.1951219512195124,76.0609756097561,77.79268292682927,79.52439024390245,80.70731707317073,84.7560975609756,86.42682926829268
Humboldt,2024,16,222,1.0,1.0,352,36.0,2.0,3.0,78.0,78.0,89.0,84.0,83.0,81.0
Imperial,2024,40,800,1.0,1.0,1352,24.0,3.5,4.0,88.25,83.5,79.5,89.0,87.5,89.0
Inyo,2024,8,96,0.0,0.0,0,,,,,,,,,
Kern,2024,136,3179,1.0,0.9338235294117647,3271,25.62162162162162,3.2162162162162162,3.135135135135135,77.0945945945946,79.47297297297297,77.98648648648648,81.72972972972973,86.79729729729729,88.27027027027027
Kings,2024,32,448,1.0,1.0,960,26.0,2.6666666666666665,3.0,81.33333333333333,79.0,77.33333333333333,86.0,84.33333333333333,86.0
Lake,2024,8,96,1.0,1.0,0,,,,,,,,,
Los Angeles,2024,1470,33422,0.9748299319727891,0.8170068027210884,49753,25.480314960629922,3.3100393700787403,3.372047244094488,80.18897637795276,80.60433070866142,77.1525590551181,84.08169291338582,86.54330708661418,88.03444881889764
Madera,2024,24,484,1.0,1.0,312,27.0,2.0,3.0,80.0,76.0,76.0,83.0,81.0,84.0
Marin,2024,16,376,0.5,1.0,608,29.0,4.5,4.5,85.0,85.5,84.5,87.0,92.0,92.5
Mendocino,2024,16,262,0.0,1.0,400,31.0,4.0,4.0,83.0,83.0,77.0,84.0,89.0,92.0
Merced,2024,50,1039,0.8,1.0,1336,25.75,3.75,4.0,81.75,83.5,84.25,86.0,90.0,90.25
Monterey,2024,58,1104,0.8620689655172413,0.8620689655172413,1985,30.384615384615383,3.769230769230769,3.9743589743589745,82.64102564102564,81.28205128205128,81.87179487179488,85.05128205128206,87.6923076923077,89.6923076923077
Napa,2024,23,318,1.0,1.0,400,31.0,4.0,4.0,88.0,82.0,87.0,87.0,91.0,91.0
Nevada,2024,8,144,1.0,1.0,0,,,,,,,,,
Orange,2024,375,8003,0.904,0.9466666666666667,13347,27.765124555160142,3.498220640569395,3.583629893238434,80.74021352313167,81.66192170818505,79.8220640569395,83.87900355871886,87.87544483985765,88.85765124555161
Placer,2024,48,775,1.0,1.0,1240,28.25,4.0,4.5,86.75,83.75,81.5,88.25,89.75,91.75
Riverside,2024,280,6209,0.9285714285714286,0.8464285714285714,9907,26.182291666666668,3.328125,3.3177083333333335,77.9375,80.77083333333333,80.30729166666667,81.98958333333333,87.34895833333333,88.0625
Sacramento,2024,228,4804,0.7192982456140351,0.9649122807017544,6544,23.866666666666667,3.5407407407407407,3.6,78.0,82.53333333333333,80.28148148148148,80.88148148148149,88.11851851851851,89.41481481481482
San Benito,2024,2,2,0.0,1.0,0,,,,,,,,,
San Bernardino,2024,305,5993,0.8754098360655738,0.7672131147540984,7751,22.79144385026738,3.449197860962567,3.427807486631016,77.65775401069519,83.03208556149733,79.89304812834224,81.74866310160428,88.33689839572193,89.03743315508021
San Diego,2024,300,6113,0.9533333333333334,0.8833333333333333,12160,25.178571428571427,3.0714285714285716,3.4285714285714284,81.71428571428571,80.25,77.42857142857143,84.64285714285714,86.57142857142857,87.28571428571429
San Francisco,2024,107,1915,0.6355140186915887,0.7757009345794392,1728,24.2,3.0,3.4,84.8,79.6,76.4,89.8,86.2,86.4
San Joaquin,2024,139,2416,0.7266187050359713,0.9424460431654677,3248,23.333333333333332,3.888888888888889,3.888888888888889,84.33333333333333,82.44444444444444,82.11111111111111,86.66666666666667,89.11111111111111,90.0
San Luis Obispo,2024,32,440,1.0,1.0,552,33.0,3.5,4.0,85.5,79.5,81.5,88.5,89.0,90.5
San Mateo,2024,111,2200,0.5135135135135135,1.0,2272,24.5,3.6666666666666665,3.6666666666666665,82.5,81.66666666666667,79.5,85.66666666666667,87.83333333333333,89.16666666666667
Santa Barbara,2024,37,779,1.0,0.5675675675675675,2224,30.75,3.0,3.25,77.5,80.75,77.25,82.75,85.75,87.25
Santa Clara,2024,229,4750,0.40611353711790393,0.9475982532751092,5118,23.54700854700855,3.6666666666666665,3.7948717948717947,85.3931623931624,82.68376068376068,78.64102564102564,88.31623931623932,88.33333333333333,89.92307692307692
Santa Cruz,2024,27,423,0.4074074074074074,0.8888888888888888,968,27.0,4.5,4.0,85.0,82.0,81.0,89.0,88.0,92.0
Shasta,2024,16,416,0.5,1.0,392,25.0,4.0,4.0,87.0,84.0,84.0,90.0,91.0,91.0
Solano,2024,97,1647,0.8762886597938144,1.0,2312,24.5,3.8333333333333335,3.8333333333333335,85.16666666666667,81.83333333333333,78.5,87.16666666666667,88.16666666666667,89.83333333333333
Sonoma,2024,52,1088,0.4230769230769231,1.0,1520,31.25,4.25,4.0,81.75,83.75,78.25,85.75,89.75,91.75
Stanislaus,2024,119,2175,0.5714285714285714,1.0,2749,27.26984126984127,4.365079365079365,4.380952380952381,83.63492063492063,84.26984126984127,79.96825396825396,88.74603174603175,90.60317460317461,92.60317460317461
Sutter,2024,16,360,1.0,1.0,720,27.0,4.0,4.5,86.0,86.5,85.5,89.0,91.0,91.0
Tehama,2024,8,120,1.0,1.0,272,28.0,5.0,5.0,86.0,82.0,86.0,89.0,92.0,94.0
Tulare,2024,62,1369,0.8709677419354839,0.8709677419354839,2296,25.0,4.0,4.285714285714286,82.57142857142857,83.42857142857143,81.57142857142857,87.0,89.71428571428571,91.28571428571429
Tuolumne,2024,8,92,0.0,1.0,0,,,,,,,,,
Ventura,2024,124,2206,1.0,0.9919354838709677,2208,23.714285714285715,3.7142857142857144,3.857142857142857,85.71428571428571,80.85714285714286,81.57142857142857,89.42857142857143,88.14285714285714,90.0
Yolo,2024,11,231,1.0,1.0,368,22.818181818181817,3.272727272727273,3.272727272727273,76.81818181818181,78.9090909090909,77.81818181818181,81.81818181818181,86.36363636363636,88.54545454545455
Yuba,2024,8,120,1.0,1.0,240,23.0,4.0,4.0,79.0,82.0,83.0,83.0,88.0,90.0
