county name,Under 5 years %,5 to 9 years %,10 to 14 years %,15 to 19 years %,20 to 24 years %,25 to 29 years %,30 to 34 years %,35 to 39 years %,40 to 44 years %,45 to 49 years %,50 to 54 years %,55 to 59 years %,60 to 64 years %,65 to 69 years %,70 to 74 years %,75 to 79 years %,80 to 84 years %,85 years and over %,16 years and over %,18 years and over %,21 years and over %,62 years and over %,65 years and over %,Male population %,Under 5 years %,5 to 9 years %,10 to 14 years %,15 to 19 years %,20 to 24 years %,25 to 29 years %,30 to 34 years %,35 to 39 years %,40 to 44 years %,45 to 49 years %,50 to 54 years %,55 to 59 years %,60 to 64 years %,65 to 69 years %,70 to 74 years %,75 to 79 years %,80 to 84 years %,85 years and over %,16 years and over %,18 years and over %,21 years and over %,62 years and over %,65 years and over %,Female population %,Under 5 years %,5 to 9 years %,10 to 14 years %,15 to 19 years %,20 to 24 years %,25 to 29 years %,30 to 34 years %,35 to 39 years %,40 to 44 years %,45 to 49 years %,50 to 54 years %,55 to 59 years %,60 to 64 years %,65 to 69 years %,70 to 74 years %,75 to 79 years %,80 to 84 years %,85 years and over %,16 years and over %,18 years and over %,21 years and over %,62 years and over %,65 years and over %,Both sexes %,Male %,Female %,One Race %,White %,Black or African American %,American Indian and Alaska Native %,Asian %,Native Hawaiian and Other Pacific Islander %,Some Other Race %,Two or More Races %,Total races tallied %,White alone or in combination with one or more other races %,Black or African American alone or in combination with one or more other races %,American Indian and Alaska Native alone or in combination with one or more other races %,Asian alone or in combination with one or more other races %,Native Hawaiian and Other Pacific Islander alone or in combination with one or more other races %,Some Other Race alone or in combination with one or more other races %,Hispanic or Latino (of any race) %,Not Hispanic or Latino %,Hispanic or Latino %,White alone %,Black or African American alone %,American Indian and Alaska Native alone %,Asian alone %,Native Hawaiian and Other Pacific Islander alone %,Some Other Race alone %,Two or More Races %,Not Hispanic or Latino %,White alone %,Black or African American alone %,American Indian and Alaska Native alone %,Asian alone %,Native Hawaiian and Other Pacific Islander alone %,Some Other Race alone %,Two or More Races %,In households %,Householder %,Opposite-sex spouse %,Same-sex spouse %,Opposite-sex unmarried partner %,Same-sex unmarried partner %,Child [2] %,Under 18 years %,Grandchild %,Under 18 years %,Other relatives %,Nonrelatives %,In group quarters %,Institutionalized population: %,Male %,Female %,Noninstitutionalized population: %,Male %,Female %,Total households %,Married couple household %,With own children under 18 [3] %,Cohabiting couple household %,With own children under 18 [3] %,"Male householder, no spouse or partner present: %",Living alone %,65 years and over %,With own children under 18 [3] %,"Female householder, no spouse or partner present: %",Living alone %,65 years and over %,With own children under 18 [3] %,Households with individuals under 18 years %,Households with individuals 65 years and over %,Total housing units %,Occupied housing units %,Vacant housing units %,For rent %,"Rented, not occupied %",For sale only %,"Sold, not occupied %","For seasonal, recreational, or occasional use %",All other vacants %,Homeowner vacancy rate (percent) [4] %,Rental vacancy rate (percent) [5] %,Occupied housing units %,Owner-occupied housing units %,Renter-occupied housing units %
Alameda   ,5.3,5.7,5.9,6.1,6.5,7.4,8.5,8.1,7.2,6.7,6.3,6.2,5.7,4.7,3.8,2.5,1.6,1.7,81.9,79.6,75.5,17.6,14.3,100.0,5.5,6.0,6.2,6.3,6.6,7.5,8.5,8.1,7.2,6.8,6.4,6.2,5.6,4.5,3.6,2.2,1.4,1.3,81.1,78.7,74.5,16.2,12.9,100.0,5.1,5.5,5.7,5.9,6.3,7.3,8.4,8.1,7.1,6.6,6.3,6.3,5.7,4.9,4.0,2.7,1.8,2.1,82.6,80.4,76.5,19.0,15.6,(X),(X),(X),88.7,31.1,9.8,1.2,32.4,0.8,13.3,11.3,112.6,41.0,11.8,2.9,36.0,1.5,19.5,23.4,76.6,23.4,3.1,0.3,0.9,0.3,0.1,12.7,6.1,76.6,28.1,9.5,0.2,32.1,0.8,0.6,5.3,96.8,35.2,16.7,0.4,2.2,0.2,27.3,17.7,2.0,1.4,7.4,5.5,3.2,0.6,0.2,0.4,2.6,1.4,1.2,100.0,48.6,22.3,6.9,1.7,18.0,10.7,3.1,1.4,26.5,13.4,5.9,4.0,33.0,28.8,100.0,95.1,4.9,2.3,0.2,0.4,0.2,0.3,1.4,(X),(X),100.0,51.8,48.2
Alpine   ,4.3,4.3,4.0,5.5,4.5,6.6,5.6,5.1,4.4,5.7,6.1,9.2,9.7,10.0,7.6,4.2,1.2,1.9,86.4,83.8,81.3,31.1,25.0,100.0,3.9,4.6,3.9,5.1,4.7,7.6,5.5,4.3,5.2,4.3,6.2,10.0,9.5,11.1,7.1,4.7,0.6,1.7,86.4,83.9,81.8,30.5,25.3,100.0,4.7,4.0,4.0,6.0,4.2,5.4,5.6,6.0,3.5,7.4,6.1,8.4,10.0,8.9,8.1,3.7,1.9,2.1,86.3,83.7,80.7,31.9,24.7,(X),(X),(X),90.1,67.6,0.8,19.6,1.0,0.0,1.1,9.9,113.3,75.7,3.0,22.3,3.4,1.7,7.2,7.0,93.0,7.0,1.1,0.0,1.8,0.0,0.0,0.5,3.6,93.0,66.5,0.8,17.8,1.0,0.0,0.6,6.3,95.7,43.4,17.4,0.3,3.2,0.2,18.9,11.5,2.9,2.3,5.1,4.4,4.3,0.1,0.0,0.1,4.2,3.1,1.2,100.0,40.9,8.7,9.6,3.2,28.1,20.0,8.3,1.1,21.3,10.4,6.2,2.5,27.0,46.0,100.0,34.4,65.6,3.1,0.2,0.7,0.3,60.5,0.8,(X),(X),100.0,70.4,29.6
Amador   ,4.1,4.3,4.7,4.4,3.7,4.6,5.6,5.8,5.4,5.4,6.3,8.4,9.0,9.2,8.3,5.2,3.1,2.6,86.0,84.1,81.9,33.8,28.4,100.0,4.0,4.2,4.3,4.2,3.8,4.9,6.3,6.5,6.3,5.7,6.7,8.4,8.7,8.6,7.7,5.0,2.6,2.0,86.5,84.7,82.5,31.1,25.9,100.0,4.1,4.4,5.0,4.6,3.5,4.1,4.7,5.1,4.4,5.0,5.9,8.4,9.2,9.9,9.0,5.4,3.6,3.4,85.4,83.3,81.1,36.9,31.3,(X),(X),(X),90.4,76.8,3.1,1.9,1.4,0.2,7.0,9.6,110.4,86.0,3.8,5.2,2.7,0.7,11.9,14.9,85.1,14.9,3.4,0.1,0.4,0.1,0.0,6.4,4.5,85.1,73.4,3.0,1.4,1.4,0.2,0.6,5.1,89.3,38.7,19.7,0.2,2.4,0.1,19.9,13.3,2.1,1.6,3.2,3.0,10.7,10.1,10.0,0.1,0.5,0.4,0.2,100.0,51.3,12.6,6.3,1.6,17.8,12.4,5.7,1.4,24.7,15.1,10.1,3.1,22.6,48.8,100.0,83.4,16.6,1.4,0.2,1.5,0.4,10.8,2.4,(X),(X),100.0,75.7,24.3
Butte   ,5.3,5.7,6.0,7.0,9.0,6.8,6.5,6.3,5.5,5.1,5.3,6.1,6.6,6.3,5.2,3.2,2.1,2.1,81.9,79.5,74.0,22.9,19.0,100.0,5.4,5.9,6.2,6.9,9.1,7.2,6.7,6.5,5.7,5.3,5.2,5.9,6.4,6.1,5.1,3.0,1.9,1.6,81.4,78.9,73.5,21.5,17.7,100.0,5.2,5.5,5.8,7.0,8.9,6.5,6.3,6.1,5.3,4.9,5.3,6.3,6.8,6.5,5.2,3.5,2.3,2.6,82.5,80.1,74.6,24.3,20.2,(X),(X),(X),88.3,70.7,1.7,2.1,5.0,0.3,8.6,11.7,112.6,81.7,3.1,6.2,6.6,0.7,14.2,19.0,81.0,19.0,4.7,0.2,0.7,0.1,0.0,8.0,5.3,81.0,66.0,1.6,1.4,4.9,0.2,0.6,6.4,97.7,39.3,15.8,0.2,3.4,0.1,25.3,17.6,2.3,1.6,4.4,6.8,2.3,0.7,0.4,0.3,1.7,0.8,0.8,100.0,40.7,14.4,9.1,2.9,21.6,13.1,4.6,1.9,28.7,15.2,8.0,4.4,27.2,35.3,100.0,92.4,7.6,2.0,0.4,0.8,0.3,1.8,2.3,(X),(X),100.0,56.2,43.8
Calaveras   ,4.3,4.8,5.3,5.0,3.9,4.4,5.3,5.2,4.9,5.0,6.1,8.0,9.6,9.3,8.1,5.3,3.0,2.5,84.6,82.4,79.6,34.2,28.2,100.0,4.5,4.9,5.4,5.3,4.1,4.6,5.4,5.4,5.1,5.2,5.9,7.7,9.2,9.1,8.0,5.2,2.9,2.1,84.2,81.9,79.0,33.1,27.3,100.0,4.2,4.7,5.3,4.6,3.6,4.3,5.2,5.0,4.8,4.8,6.3,8.2,10.0,9.5,8.2,5.3,3.2,2.9,84.9,83.0,80.3,35.3,29.0,(X),(X),(X),88.9,80.2,0.8,1.6,1.6,0.2,4.4,11.1,111.9,90.9,1.5,5.6,3.1,0.8,10.1,12.9,87.1,12.9,3.6,0.1,0.6,0.1,0.1,3.8,4.7,87.1,76.5,0.7,1.1,1.6,0.2,0.6,6.4,99.0,41.3,21.7,0.2,2.8,0.1,23.0,14.5,2.4,1.8,3.9,3.7,1.0,0.7,0.5,0.1,0.3,0.2,0.2,100.0,52.8,12.6,6.9,2.1,18.2,12.5,6.2,1.5,22.1,13.2,8.6,2.6,23.1,47.8,100.0,68.4,31.6,1.0,0.3,1.6,0.7,25.3,2.7,(X),(X),100.0,79.0,21.0
Colusa   ,6.4,7.6,9.0,7.7,5.9,6.3,6.5,6.5,5.9,5.4,5.6,6.1,6.2,5.1,3.7,2.7,1.8,1.6,75.3,72.0,68.0,18.5,14.9,100.0,6.3,7.6,9.6,8.2,6.0,6.4,6.6,6.4,5.6,5.3,5.7,6.0,6.1,4.9,3.7,2.6,1.7,1.1,74.8,71.3,67.2,17.6,14.0,100.0,6.6,7.6,8.5,7.2,5.7,6.2,6.4,6.6,6.2,5.5,5.4,6.1,6.2,5.3,3.6,2.9,1.9,2.1,75.8,72.8,68.8,19.5,15.8,(X),(X),(X),80.5,42.9,0.9,2.3,1.3,0.4,32.7,19.5,120.5,61.6,1.5,4.7,2.1,0.8,49.7,61.7,38.3,61.7,11.1,0.1,1.1,0.1,0.0,32.3,17.0,38.3,31.8,0.8,1.3,1.2,0.3,0.4,2.5,99.1,33.0,17.7,0.1,2.0,0.0,35.2,24.0,2.7,2.1,6.2,2.2,0.9,0.7,0.4,0.3,0.1,0.1,0.1,100.0,53.8,24.8,6.1,3.1,16.7,9.7,4.0,2.1,23.3,11.0,6.4,6.3,43.4,35.6,100.0,89.2,10.8,1.4,0.3,0.7,0.4,3.0,4.9,(X),(X),100.0,61.1,38.9
Contra Costa   ,5.3,6.2,6.9,6.7,5.6,5.8,6.5,7.0,6.8,6.8,6.8,6.9,6.3,5.3,4.4,3.0,1.9,2.0,80.2,77.4,73.7,20.2,16.5,100.0,5.6,6.5,7.2,7.1,5.9,5.9,6.5,7.0,6.7,6.8,6.8,6.9,6.1,5.0,4.1,2.7,1.7,1.5,79.3,76.3,72.4,18.5,15.0,100.0,5.1,5.9,6.6,6.3,5.3,5.6,6.4,7.0,6.9,6.7,6.8,6.9,6.4,5.5,4.8,3.2,2.1,2.4,81.1,78.5,75.0,21.8,18.0,(X),(X),(X),86.8,43.0,8.7,1.0,18.7,0.5,14.9,13.2,114.5,54.8,10.7,3.0,22.3,1.2,22.4,27.0,73.0,27.0,4.0,0.3,0.8,0.3,0.0,14.1,7.5,73.0,39.1,8.4,0.2,18.4,0.5,0.7,5.7,99.0,34.9,18.4,0.3,2.0,0.1,30.7,19.8,2.2,1.7,6.7,3.7,1.0,0.4,0.2,0.2,0.6,0.3,0.3,100.0,53.6,23.4,6.1,2.1,14.9,8.7,3.2,1.6,25.4,12.8,7.2,4.4,35.4,33.5,100.0,96.1,3.9,1.5,0.1,0.5,0.2,0.5,1.1,(X),(X),100.0,65.6,34.4
Del Norte   ,5.1,6.0,6.1,5.1,5.2,7.3,7.4,7.4,6.2,5.3,5.5,7.2,7.3,6.8,5.4,3.0,1.9,1.7,81.6,79.5,76.7,23.3,18.9,100.0,4.7,5.5,5.6,4.8,5.8,9.0,8.9,8.2,6.7,5.5,5.3,6.8,6.4,6.2,5.1,2.6,1.5,1.4,83.1,81.1,78.3,20.5,16.7,100.0,5.6,6.6,6.7,5.5,4.4,5.2,5.6,6.4,5.7,5.0,5.6,7.7,8.4,7.5,5.8,3.6,2.5,2.1,79.9,77.6,74.8,26.7,21.5,(X),(X),(X),87.6,62.0,3.1,8.8,3.0,0.2,10.6,12.4,113.4,73.7,4.3,14.4,4.4,0.7,15.9,19.2,80.8,19.2,3.4,0.1,1.1,0.1,0.1,10.1,4.4,80.8,58.6,3.0,7.7,3.0,0.1,0.4,8.0,88.9,35.4,15.0,0.1,3.0,0.1,24.7,16.7,2.8,2.1,4.0,3.8,11.1,10.5,10.2,0.3,0.6,0.4,0.2,100.0,42.7,13.6,8.7,3.4,20.5,13.8,6.0,1.9,28.1,15.1,8.0,4.8,29.5,41.5,100.0,88.4,11.6,1.8,0.4,1.1,0.5,4.5,3.3,(X),(X),100.0,63.1,36.9
El Dorado   ,4.5,5.5,6.5,6.1,4.5,4.4,5.2,6.0,5.8,5.9,6.7,8.1,8.5,7.7,6.2,3.9,2.3,2.2,82.2,79.5,76.5,27.4,22.3,100.0,4.6,5.7,6.7,6.3,4.6,4.6,5.2,6.0,5.9,5.9,6.6,7.8,8.4,7.6,6.2,3.8,2.2,1.8,81.6,78.9,75.6,26.6,21.6,100.0,4.3,5.4,6.3,5.8,4.3,4.2,5.2,6.0,5.8,5.9,6.9,8.3,8.7,7.8,6.3,4.0,2.4,2.5,82.8,80.2,77.3,28.2,23.0,(X),(X),(X),88.5,76.7,0.8,1.0,4.8,0.2,5.0,11.5,112.3,87.8,1.6,3.9,7.1,0.6,11.3,13.8,86.2,13.8,3.4,0.1,0.3,0.1,0.0,4.4,5.5,86.2,73.3,0.8,0.7,4.7,0.1,0.6,5.9,99.3,39.4,21.6,0.2,2.4,0.1,26.9,18.3,1.9,1.3,3.6,3.3,0.7,0.4,0.2,0.1,0.3,0.1,0.2,100.0,55.3,18.3,6.5,1.8,16.5,10.8,4.5,1.7,21.7,12.5,7.4,3.1,27.9,39.8,100.0,80.6,19.4,1.5,0.4,0.8,0.3,14.6,1.8,(X),(X),100.0,74.9,25.1
Fresno   ,6.9,7.8,8.2,7.6,7.2,7.4,7.2,6.8,6.0,5.5,5.4,5.6,5.2,4.4,3.4,2.3,1.5,1.6,75.5,72.4,67.9,16.2,13.2,100.0,7.0,8.0,8.4,7.9,7.3,7.6,7.4,6.9,6.0,5.4,5.4,5.5,5.1,4.2,3.2,2.1,1.3,1.2,74.9,71.7,67.1,15.0,12.0,100.0,6.7,7.7,8.0,7.4,7.0,7.1,7.0,6.8,6.0,5.6,5.4,5.6,5.3,4.6,3.6,2.5,1.7,2.0,76.1,73.1,68.8,17.5,14.4,(X),(X),(X),83.8,37.1,4.8,2.2,11.2,0.2,28.2,16.2,117.0,52.3,6.1,4.2,12.8,0.5,41.2,53.6,46.4,53.6,10.2,0.4,1.6,0.4,0.0,27.7,13.3,46.4,27.0,4.4,0.6,10.9,0.1,0.5,2.9,98.2,31.7,14.5,0.2,2.4,0.1,34.7,23.2,3.5,2.7,7.6,3.5,1.8,1.1,0.9,0.2,0.7,0.4,0.3,100.0,46.4,21.2,8.1,4.1,17.9,9.4,3.2,2.4,27.7,11.1,5.8,7.5,40.9,30.1,100.0,94.3,5.7,1.9,0.2,0.5,0.2,1.3,1.5,(X),(X),100.0,54.3,45.7
Glenn   ,6.4,7.2,7.6,7.1,5.8,5.9,6.5,6.4,5.8,5.5,5.6,6.5,6.4,5.6,4.2,3.2,2.1,2.1,77.1,74.2,70.5,20.9,17.2,100.0,6.8,7.6,8.0,6.9,6.0,6.0,6.6,6.5,5.8,5.1,5.7,6.4,6.3,5.6,4.2,3.1,1.8,1.5,76.0,73.2,69.5,19.8,16.3,100.0,6.0,6.8,7.3,7.3,5.7,5.9,6.3,6.2,5.9,5.8,5.5,6.7,6.4,5.6,4.1,3.3,2.4,2.6,78.2,75.2,71.4,22.0,18.2,(X),(X),(X),86.4,54.5,0.6,3.8,2.2,0.2,25.1,13.6,114.8,67.4,1.3,7.0,3.1,0.4,35.5,43.4,56.6,43.4,6.4,0.1,1.9,0.1,0.0,24.6,10.2,56.6,48.1,0.5,1.8,2.2,0.1,0.5,3.5,99.0,35.2,17.9,0.1,2.8,0.0,32.3,22.3,2.8,2.2,5.0,2.8,1.0,0.9,0.6,0.3,0.1,0.1,0.1,100.0,51.0,20.9,8.1,3.9,17.5,11.2,4.5,1.6,23.5,11.5,6.6,5.3,37.6,37.1,100.0,93.4,6.6,1.3,0.4,0.5,0.2,1.2,2.9,(X),(X),100.0,61.5,38.5
Humboldt   ,4.9,5.4,5.9,6.1,7.4,7.4,7.1,7.1,6.4,5.4,5.0,6.0,6.7,6.8,5.5,3.2,1.9,1.8,82.6,80.5,76.2,23.2,19.1,100.0,5.0,5.6,6.1,6.2,7.3,7.6,7.4,7.4,6.6,5.7,5.0,5.8,6.5,6.5,5.4,3.0,1.7,1.4,82.1,79.9,75.8,21.8,17.9,100.0,4.8,5.2,5.8,6.1,7.5,7.2,6.8,6.9,6.1,5.1,5.0,6.3,6.9,7.1,5.7,3.3,2.0,2.2,83.2,81.1,76.6,24.5,20.4,(X),(X),(X),88.2,71.9,1.4,6.2,2.6,0.3,5.7,11.8,113.0,83.1,2.8,11.3,4.4,0.9,10.5,13.6,86.4,13.6,3.5,0.1,0.8,0.1,0.0,4.9,4.2,86.4,68.4,1.3,5.5,2.6,0.3,0.8,7.6,96.7,41.3,14.8,0.3,4.4,0.2,23.5,16.6,2.0,1.4,3.6,6.5,3.3,0.5,0.3,0.2,2.8,1.4,1.4,100.0,36.5,12.2,11.3,3.4,23.3,15.4,5.0,2.0,28.9,16.3,8.0,4.3,25.5,34.6,100.0,90.8,9.2,2.0,0.3,0.7,0.3,3.0,2.9,(X),(X),100.0,55.3,44.7
Imperial   ,6.0,7.3,8.2,7.9,6.8,7.2,7.2,6.7,6.0,5.6,5.9,5.9,5.7,4.8,3.5,2.2,1.6,1.6,76.9,73.6,69.2,17.0,13.6,100.0,6.0,7.5,8.3,8.0,7.3,8.0,7.7,7.0,6.2,5.4,5.7,5.6,5.4,4.4,3.1,1.9,1.3,1.2,76.5,73.2,68.7,15.0,11.9,100.0,5.9,7.2,8.1,7.7,6.3,6.5,6.6,6.4,5.7,5.9,6.0,6.2,6.1,5.2,3.8,2.5,1.8,2.0,77.2,74.0,69.7,19.0,15.3,(X),(X),(X),72.3,26.5,2.4,2.4,1.7,0.1,39.2,27.7,128.5,53.2,3.0,3.9,2.6,0.3,65.7,85.2,14.8,85.2,17.1,0.3,1.5,0.4,0.0,39.0,26.8,14.8,9.4,2.1,0.9,1.2,0.0,0.3,0.9,95.3,29.0,14.7,0.1,1.6,0.0,33.9,20.7,5.0,4.0,8.6,2.5,4.7,4.2,4.1,0.1,0.5,0.4,0.2,100.0,50.9,23.0,5.6,3.1,14.6,8.0,2.9,1.7,28.9,9.5,5.6,8.3,44.8,33.8,100.0,91.9,8.1,1.8,0.4,0.5,0.3,3.1,1.9,(X),(X),100.0,55.0,45.0
Inyo   ,4.9,5.9,6.1,5.0,4.4,5.5,6.2,6.5,5.8,5.7,5.4,7.0,8.0,7.9,5.9,4.2,2.9,2.8,82.0,79.8,77.3,28.6,23.7,100.0,4.8,5.7,6.3,5.1,4.5,5.5,6.5,6.4,6.1,5.8,5.5,6.8,8.1,7.9,5.6,4.2,2.7,2.6,82.2,79.9,77.2,27.8,23.0,100.0,5.1,6.0,5.8,4.8,4.3,5.4,5.9,6.5,5.6,5.6,5.2,7.3,8.0,8.0,6.1,4.1,3.1,3.1,81.9,79.7,77.4,29.3,24.5,(X),(X),(X),88.8,61.8,0.5,13.0,1.5,0.1,11.9,11.2,112.4,72.5,1.4,17.1,2.4,0.5,18.5,23.1,76.9,23.1,3.8,0.1,1.5,0.0,0.0,11.5,6.3,76.9,58.0,0.4,11.5,1.4,0.1,0.5,4.9,96.8,42.4,17.7,0.1,2.8,0.1,24.4,16.7,2.6,1.9,3.6,3.1,3.2,1.2,0.9,0.4,2.0,1.3,0.6,100.0,42.3,12.5,6.9,2.3,24.4,17.7,8.1,2.0,26.4,15.5,8.8,4.1,25.9,43.6,100.0,85.0,15.0,2.1,0.3,0.4,0.5,7.8,3.9,(X),(X),100.0,64.3,35.7
Kern   ,7.0,8.0,8.5,7.8,6.9,7.5,7.4,7.0,6.2,5.6,5.5,5.7,5.3,4.2,3.1,2.1,1.3,1.1,74.9,71.7,67.3,14.8,11.8,100.0,7.0,8.0,8.6,7.9,7.2,7.9,7.6,7.1,6.2,5.5,5.5,5.5,5.2,4.0,2.9,1.8,1.1,0.9,74.7,71.5,67.0,13.7,10.7,100.0,6.9,8.0,8.5,7.6,6.7,7.2,7.1,6.8,6.1,5.6,5.5,5.8,5.4,4.4,3.4,2.3,1.5,1.4,75.0,71.9,67.6,16.0,12.9,(X),(X),(X),83.9,40.9,5.5,2.0,5.1,0.2,30.2,16.1,117.0,56.1,6.8,4.3,6.4,0.4,42.9,54.9,45.1,54.9,10.1,0.4,1.4,0.3,0.0,29.7,13.0,45.1,30.8,5.1,0.6,4.9,0.1,0.5,3.1,96.8,31.0,14.9,0.1,2.5,0.1,34.6,23.8,3.5,2.8,6.9,3.2,3.2,2.7,2.5,0.2,0.5,0.3,0.2,100.0,48.7,22.9,8.3,4.4,17.5,9.7,3.1,2.3,25.5,9.9,5.0,7.3,42.9,27.9,100.0,93.5,6.5,1.9,0.3,0.8,0.3,1.5,1.6,(X),(X),100.0,59.2,40.8
Kings   ,6.8,7.4,8.0,7.2,7.4,8.3,8.2,7.6,6.6,5.9,5.5,5.5,4.9,3.7,2.8,1.8,1.3,1.1,76.3,73.4,69.2,13.4,10.6,100.0,6.4,7.0,7.4,6.9,7.6,8.9,9.0,8.2,7.2,6.3,5.7,5.6,4.8,3.5,2.3,1.5,1.0,0.8,77.8,75.1,71.0,11.8,9.1,100.0,7.3,7.9,8.7,7.6,7.2,7.6,7.3,6.9,6.0,5.4,5.3,5.5,5.0,4.0,3.3,2.1,1.6,1.5,74.6,71.5,67.2,15.3,12.4,(X),(X),(X),84.1,40.2,5.9,2.4,3.9,0.3,31.5,15.9,116.7,54.9,7.4,4.4,5.5,0.7,43.8,56.8,43.2,56.8,11.1,0.5,1.3,0.3,0.1,31.0,12.6,43.2,29.1,5.4,1.1,3.6,0.2,0.5,3.3,89.8,28.9,14.4,0.1,2.2,0.1,32.4,22.5,3.4,2.7,5.6,2.7,10.2,9.1,9.0,0.1,1.1,0.8,0.3,100.0,50.3,24.0,8.0,4.4,16.8,9.3,2.6,2.3,24.9,9.4,4.9,7.3,44.4,28.0,100.0,95.3,4.7,1.8,0.2,0.6,0.2,0.3,1.6,(X),(X),100.0,54.1,45.9
Lake   ,5.3,5.9,6.0,5.4,4.6,5.4,6.1,5.9,5.4,5.2,6.2,7.6,8.4,8.0,6.4,4.0,2.3,1.9,81.6,79.3,76.4,27.6,22.7,100.0,5.2,5.9,6.1,5.6,4.8,5.6,6.3,6.0,5.5,5.1,6.0,7.6,8.3,7.7,6.6,3.8,2.2,1.5,81.5,79.2,76.1,26.8,21.8,100.0,5.4,5.9,5.9,5.1,4.3,5.1,6.0,5.8,5.3,5.3,6.4,7.6,8.4,8.3,6.3,4.3,2.4,2.3,81.6,79.5,76.8,28.5,23.5,(X),(X),(X),86.9,68.7,1.8,3.5,1.5,0.2,11.3,13.1,114.2,81.3,3.1,7.5,2.7,0.6,19.0,22.7,77.3,22.7,3.9,0.1,0.9,0.1,0.0,10.7,6.9,77.3,64.8,1.7,2.5,1.4,0.1,0.6,6.2,99.0,40.5,15.9,0.2,3.6,0.2,25.6,17.0,3.0,2.3,4.9,5.0,1.0,0.8,0.5,0.3,0.3,0.2,0.1,100.0,39.7,12.5,9.3,3.3,23.9,16.0,7.3,1.8,27.0,14.5,8.4,4.2,26.3,42.5,100.0,80.7,19.3,1.6,0.2,1.3,0.7,11.9,3.6,(X),(X),100.0,67.5,32.5
Lassen   ,4.2,4.8,4.9,4.4,7.0,10.3,10.2,8.6,7.2,6.1,5.4,6.4,5.9,5.4,4.0,2.3,1.4,1.4,85.1,83.2,80.6,18.0,14.5,100.0,3.4,3.6,4.0,3.8,7.9,12.7,12.5,10.2,8.2,6.3,5.4,5.9,4.8,4.3,3.1,1.9,1.0,0.9,88.2,86.6,84.0,14.2,11.3,100.0,5.7,6.8,6.6,5.4,5.5,6.1,6.3,5.9,5.5,5.7,5.6,7.3,7.7,7.4,5.4,2.9,2.0,2.2,79.9,77.3,74.6,24.6,20.0,(X),(X),(X),92.1,64.4,7.0,3.3,1.5,0.9,15.1,7.9,108.7,71.5,7.8,6.2,3.0,1.7,18.4,23.0,77.0,23.0,4.7,0.1,0.5,0.1,0.0,14.6,3.1,77.0,59.7,6.9,2.9,1.4,0.9,0.4,4.8,73.1,30.2,13.9,0.1,2.4,0.1,19.6,14.5,1.7,1.3,2.7,2.4,26.9,26.7,26.4,0.3,0.2,0.2,0.1,100.0,46.4,15.8,8.0,2.9,22.4,15.3,5.6,2.3,23.2,13.2,7.2,4.1,29.4,37.4,100.0,80.9,19.1,2.6,0.3,1.8,0.7,8.9,4.7,(X),(X),100.0,65.9,34.1
Los Angeles   ,5.0,5.6,6.2,6.4,7.2,8.1,7.8,7.2,6.6,6.6,6.6,6.4,5.8,4.8,3.7,2.5,1.7,1.8,82.0,79.5,75.4,17.9,14.5,100.0,5.2,5.8,6.5,6.7,7.4,8.2,8.1,7.4,6.7,6.5,6.6,6.4,5.7,4.6,3.4,2.2,1.4,1.4,81.2,78.6,74.4,16.2,13.0,100.0,4.8,5.3,5.9,6.2,7.0,7.9,7.6,7.1,6.6,6.6,6.6,6.5,6.0,5.0,4.0,2.8,2.0,2.3,82.8,80.4,76.4,19.5,16.0,(X),(X),(X),85.1,32.5,7.9,1.6,15.0,0.2,27.8,14.9,115.9,46.1,9.4,3.3,17.0,0.6,39.6,48.0,52.0,48.0,6.9,0.3,1.4,0.3,0.0,27.2,11.7,52.0,25.6,7.6,0.2,14.7,0.2,0.6,3.1,97.9,34.2,14.4,0.3,2.4,0.2,28.9,16.4,3.2,2.4,9.3,5.1,2.1,0.6,0.4,0.3,1.5,0.8,0.7,100.0,43.0,17.6,7.5,2.5,19.9,11.4,3.0,1.6,29.6,13.3,5.7,5.1,32.2,30.2,100.0,95.2,4.8,2.3,0.2,0.3,0.2,0.5,1.2,(X),(X),100.0,45.6,54.4
Madera   ,6.7,7.7,8.3,7.6,6.4,6.7,6.6,6.7,6.0,5.5,5.5,5.8,5.7,4.9,4.0,2.6,1.6,1.5,75.6,72.5,68.3,18.1,14.7,100.0,6.8,7.9,8.4,7.8,6.6,6.5,6.5,6.6,5.9,5.5,5.6,6.0,5.7,4.8,4.0,2.5,1.5,1.2,75.2,72.0,67.5,17.4,14.0,100.0,6.6,7.6,8.1,7.4,6.2,6.8,6.7,6.7,6.1,5.6,5.4,5.7,5.8,5.1,4.0,2.8,1.7,1.7,76.0,73.0,69.0,18.7,15.3,(X),(X),(X),83.8,41.8,2.9,4.9,2.5,0.1,31.6,16.2,116.9,56.7,3.7,7.7,3.5,0.4,44.9,59.6,40.4,59.6,10.8,0.3,3.8,0.2,0.0,31.1,13.4,40.4,31.0,2.6,1.1,2.3,0.1,0.5,2.8,95.4,29.2,15.5,0.1,2.2,0.1,33.4,22.4,4.0,3.1,7.5,3.4,4.6,4.2,2.2,2.0,0.4,0.3,0.1,100.0,53.5,22.9,7.9,4.4,15.2,7.9,3.5,2.2,23.5,9.3,5.8,6.3,42.6,35.8,100.0,92.0,8.0,1.1,0.2,0.8,0.3,3.8,1.7,(X),(X),100.0,64.0,36.0
Marin   ,4.4,5.4,6.4,6.1,4.3,4.0,5.0,6.0,6.4,7.2,7.7,7.5,7.0,6.7,6.1,4.4,2.7,2.7,82.5,79.8,76.7,26.7,22.6,100.0,4.6,5.6,6.7,6.5,4.5,4.3,5.2,6.1,6.4,7.1,7.7,7.6,7.0,6.4,5.7,4.2,2.4,2.1,81.7,78.9,75.6,24.9,20.8,100.0,4.2,5.2,6.1,5.8,4.1,3.7,4.8,5.9,6.5,7.2,7.8,7.4,7.1,7.1,6.5,4.6,2.9,3.2,83.2,80.8,77.7,28.4,24.3,(X),(X),(X),88.7,68.4,2.4,1.5,6.3,0.2,9.9,11.3,112.2,79.0,3.5,3.2,9.2,0.6,16.7,18.8,81.2,18.8,2.4,0.1,1.3,0.1,0.0,9.1,5.8,81.2,66.0,2.3,0.2,6.2,0.2,0.8,5.5,97.0,39.7,19.3,0.4,2.4,0.2,26.3,18.5,0.9,0.6,3.5,4.5,3.0,2.0,1.7,0.2,1.0,0.5,0.5,100.0,49.6,20.4,6.4,1.6,15.9,10.7,4.8,1.5,28.0,17.9,10.8,3.6,29.4,40.3,100.0,93.4,6.6,1.6,0.2,0.5,0.3,2.3,1.8,(X),(X),100.0,62.0,38.0
Mariposa   ,4.3,5.0,5.1,4.5,3.8,4.8,5.3,5.3,5.0,4.7,5.8,8.3,10.2,9.3,7.7,5.3,3.3,2.4,84.6,82.8,80.4,34.2,28.0,100.0,4.3,5.3,5.0,4.7,4.1,4.9,5.6,5.7,5.1,4.7,5.4,8.1,9.7,9.2,8.1,5.0,3.3,1.9,84.4,82.5,79.9,33.7,27.5,100.0,4.2,4.7,5.3,4.2,3.6,4.6,5.0,5.0,5.0,4.7,6.2,8.5,10.6,9.4,7.3,5.6,3.3,2.9,84.9,83.1,80.9,34.8,28.5,(X),(X),(X),88.1,78.1,0.6,2.9,1.7,0.1,4.6,11.9,113.0,89.3,1.6,7.8,3.0,0.7,10.7,12.5,87.5,12.5,3.2,0.0,0.5,0.1,0.0,4.0,4.7,87.5,74.9,0.6,2.4,1.7,0.1,0.7,7.1,98.5,42.9,20.2,0.2,2.7,0.1,21.7,13.7,2.9,1.9,3.9,3.8,1.5,0.8,0.7,0.1,0.7,0.4,0.3,100.0,47.5,10.9,6.5,1.9,21.4,15.1,6.8,1.6,24.5,15.0,8.5,2.7,22.6,47.9,100.0,75.5,24.5,1.3,0.5,1.1,0.8,16.2,4.6,(X),(X),100.0,72.1,27.9
Mendocino   ,5.0,6.0,6.1,5.6,4.7,5.6,6.3,6.6,6.2,5.6,5.6,6.3,7.3,7.8,7.0,4.0,2.3,2.1,81.8,79.4,76.2,27.5,23.1,100.0,5.1,6.0,6.3,5.7,5.0,5.9,6.6,6.8,6.4,5.6,5.6,6.2,7.0,7.4,6.9,3.7,2.1,1.6,81.4,79.0,75.7,25.9,21.7,100.0,4.9,5.9,5.9,5.5,4.3,5.3,6.0,6.4,6.0,5.6,5.6,6.4,7.6,8.2,7.1,4.2,2.5,2.6,82.1,79.8,76.7,29.1,24.6,(X),(X),(X),86.8,65.0,0.7,5.1,2.0,0.2,13.9,13.2,113.9,77.5,1.6,8.7,3.1,0.5,22.5,26.1,73.9,26.1,3.6,0.0,1.3,0.1,0.0,13.3,7.8,73.9,61.4,0.7,3.9,1.9,0.1,0.6,5.3,98.2,39.6,16.1,0.3,3.5,0.2,25.5,17.0,2.6,1.9,4.8,5.6,1.8,0.7,0.5,0.2,1.1,0.6,0.5,100.0,41.3,13.5,9.2,3.4,21.5,14.1,6.1,1.9,28.0,16.0,9.8,4.4,27.7,43.1,100.0,87.7,12.3,1.4,0.2,0.7,0.2,6.9,2.8,(X),(X),100.0,59.3,40.7
Merced   ,7.1,8.0,8.6,8.8,7.6,7.1,6.7,6.6,6.0,5.6,5.4,5.5,5.0,4.0,3.1,2.1,1.4,1.3,74.5,71.2,65.7,14.8,11.9,100.0,7.3,8.2,8.8,9.0,7.9,7.2,6.8,6.6,6.0,5.5,5.5,5.4,4.9,3.9,2.9,1.9,1.2,1.0,73.9,70.5,64.9,13.7,10.9,100.0,6.9,7.9,8.4,8.6,7.3,6.9,6.6,6.6,6.0,5.7,5.4,5.5,5.1,4.2,3.3,2.3,1.6,1.6,75.1,71.9,66.5,15.9,12.9,(X),(X),(X),82.4,37.2,3.3,2.7,7.4,0.3,31.7,17.6,118.6,53.6,4.5,5.1,8.7,0.7,46.1,61.8,38.2,61.8,12.7,0.3,2.3,0.3,0.1,31.2,14.9,38.2,24.4,2.9,0.4,7.0,0.2,0.4,2.7,98.2,29.7,14.8,0.1,2.3,0.1,36.2,24.1,3.7,3.0,7.8,3.6,1.8,0.8,0.7,0.1,1.0,0.5,0.5,100.0,50.3,24.2,7.9,4.4,16.6,8.0,2.7,2.5,25.2,9.2,5.2,7.2,45.1,30.1,100.0,95.1,4.9,1.8,0.2,0.6,0.2,0.4,1.7,(X),(X),100.0,54.7,45.3
Modoc   ,5.2,5.8,6.1,5.1,3.8,4.7,5.5,5.3,4.8,5.2,5.5,7.5,8.7,8.8,7.2,5.0,2.9,2.7,81.8,79.4,77.0,32.0,26.7,100.0,5.2,5.7,5.8,5.5,4.3,4.8,5.9,5.6,4.5,5.4,5.2,7.2,8.9,9.2,7.4,4.9,2.5,2.0,82.0,79.4,76.8,31.3,25.9,100.0,5.2,5.9,6.5,4.7,3.3,4.6,5.1,4.9,5.2,4.9,5.9,7.8,8.5,8.5,7.1,5.2,3.3,3.4,81.5,79.4,77.2,32.6,27.4,(X),(X),(X),91.5,77.8,0.8,5.1,0.7,0.1,6.9,8.5,109.7,85.7,1.9,8.5,1.7,1.0,11.0,14.5,85.5,14.5,3.7,0.0,0.7,0.0,0.0,6.3,3.8,85.5,74.1,0.8,4.4,0.7,0.1,0.6,4.7,97.1,42.7,19.2,0.2,2.7,0.1,24.1,17.4,1.8,1.5,3.3,2.9,2.9,1.9,1.3,0.6,1.0,0.4,0.6,100.0,45.6,13.3,6.7,2.2,21.6,15.2,7.0,2.0,26.2,16.2,10.0,3.8,26.5,45.8,100.0,78.5,21.5,1.8,0.2,1.6,1.0,8.4,8.5,(X),(X),100.0,69.5,30.5
Mono   ,5.4,5.7,5.6,5.3,5.0,7.8,8.4,7.4,6.2,6.0,6.3,7.0,7.7,6.7,4.7,2.4,1.4,1.0,82.3,80.0,76.9,20.8,16.1,100.0,5.4,5.5,5.1,5.1,5.4,8.0,8.7,7.3,6.0,6.5,6.2,6.8,7.8,6.4,4.9,2.5,1.3,0.9,82.8,80.8,77.9,20.8,16.0,100.0,5.4,5.9,6.1,5.5,4.6,7.5,8.1,7.5,6.5,5.4,6.4,7.2,7.7,7.0,4.4,2.3,1.5,1.1,81.7,79.1,75.9,20.7,16.3,(X),(X),(X),88.0,70.9,0.6,2.2,1.2,0.2,12.9,12.0,113.1,82.3,1.2,4.7,2.5,0.8,21.5,26.6,73.4,26.6,5.1,0.0,0.9,0.0,0.0,12.3,8.2,73.4,65.8,0.5,1.3,1.2,0.2,0.6,3.8,97.7,41.4,18.9,0.1,3.2,0.1,24.4,17.6,1.5,1.0,3.3,4.8,2.3,0.1,0.1,0.0,2.2,1.7,0.5,100.0,46.0,16.6,8.1,1.7,26.1,17.3,5.4,2.4,19.8,11.4,5.0,3.2,28.7,33.2,100.0,40.3,59.7,4.2,1.1,0.5,1.5,50.8,1.6,(X),(X),100.0,56.9,43.1
Monterey   ,6.1,7.0,7.6,7.8,7.1,7.3,7.2,7.0,6.3,5.7,5.7,5.6,5.5,4.7,3.8,2.4,1.5,1.8,77.9,74.7,70.0,17.5,14.2,100.0,6.2,7.0,7.7,7.9,7.5,7.6,7.5,7.2,6.4,5.6,5.7,5.4,5.4,4.5,3.5,2.2,1.3,1.3,77.5,74.3,69.5,16.0,12.9,100.0,6.1,6.9,7.4,7.7,6.6,7.0,6.9,6.7,6.2,5.9,5.7,5.7,5.7,5.0,4.0,2.6,1.7,2.2,78.2,75.0,70.6,18.9,15.6,(X),(X),(X),82.1,36.2,2.3,2.9,6.1,0.5,34.2,17.9,119.1,52.6,3.3,5.2,8.3,1.0,48.6,60.4,39.6,60.4,8.8,0.2,2.6,0.4,0.1,33.7,14.7,39.6,27.4,2.1,0.3,5.7,0.4,0.5,3.2,95.9,30.0,15.1,0.2,2.2,0.1,31.1,19.9,3.4,2.8,9.0,4.8,4.1,1.9,1.6,0.2,2.2,1.3,0.9,100.0,50.9,22.5,7.7,3.8,15.8,8.7,3.2,1.8,25.6,11.8,6.6,5.5,40.1,33.3,100.0,91.8,8.2,1.9,0.2,0.4,0.1,4.1,1.5,(X),(X),100.0,50.9,49.1
Napa   ,4.4,5.3,6.2,6.4,5.6,5.9,6.1,6.4,6.2,6.3,6.6,7.0,6.8,6.2,5.4,3.8,2.5,2.9,82.7,80.0,76.5,24.8,20.8,100.0,4.6,5.5,6.5,6.7,6.0,6.2,6.3,6.5,6.1,6.4,6.5,6.8,6.7,5.9,5.2,3.6,2.4,2.3,81.9,79.2,75.5,23.3,19.3,100.0,4.3,5.1,5.9,6.1,5.2,5.6,5.9,6.3,6.3,6.3,6.7,7.1,6.9,6.5,5.5,4.0,2.7,3.5,83.4,80.8,77.4,26.3,22.2,(X),(X),(X),85.0,55.2,1.8,1.4,7.8,0.3,18.6,15.0,116.0,69.3,2.8,3.7,9.9,0.7,29.7,35.4,64.6,35.4,5.3,0.1,1.0,0.2,0.0,17.9,10.9,64.6,49.9,1.7,0.4,7.6,0.2,0.7,4.2,96.3,36.0,18.1,0.3,2.3,0.1,27.4,17.2,2.0,1.5,6.2,3.9,3.7,1.6,0.8,0.8,2.1,1.4,0.7,100.0,50.8,19.1,6.6,2.0,15.8,9.5,4.1,1.6,26.8,15.5,9.1,3.9,30.9,38.7,100.0,89.7,10.3,1.7,0.2,0.7,0.3,5.1,2.3,(X),(X),100.0,61.2,38.8
Nevada   ,4.1,4.9,5.3,5.0,3.8,4.1,5.5,6.2,6.1,5.4,5.7,7.3,8.7,9.2,8.0,4.9,3.0,2.9,84.6,82.5,79.9,33.2,27.9,100.0,4.3,5.2,5.5,5.2,4.0,4.4,5.7,6.3,6.2,5.7,5.7,6.9,8.2,8.8,8.0,4.9,2.9,2.2,83.9,81.6,79.0,31.7,26.7,100.0,3.8,4.6,5.1,4.8,3.5,3.9,5.3,6.0,6.0,5.1,5.8,7.7,9.2,9.6,8.0,4.9,3.1,3.5,85.3,83.3,80.9,34.7,29.1,(X),(X),(X),90.1,83.7,0.4,1.0,1.4,0.1,3.4,9.9,110.5,93.3,1.1,4.0,2.9,0.5,8.7,10.2,89.8,10.2,2.7,0.0,0.3,0.1,0.0,2.8,4.2,89.8,81.0,0.4,0.7,1.3,0.1,0.6,5.7,98.1,41.8,20.6,0.2,2.9,0.1,22.6,15.1,1.9,1.4,3.0,4.8,1.9,1.1,0.5,0.6,0.8,0.4,0.4,100.0,49.7,13.6,7.3,2.0,18.0,12.0,5.4,1.6,25.0,15.2,9.6,3.2,23.8,45.8,100.0,79.8,20.2,1.2,0.2,1.0,0.3,15.8,1.8,(X),(X),100.0,73.6,26.4
Orange   ,4.9,5.6,6.4,6.9,7.1,7.1,6.7,6.7,6.4,6.7,7.0,6.8,6.1,4.9,4.0,2.9,1.9,2.0,81.7,79.1,74.7,19.2,15.7,100.0,5.1,5.9,6.7,7.1,7.3,7.4,6.9,6.8,6.3,6.6,6.9,6.8,6.0,4.7,3.7,2.6,1.7,1.6,80.9,78.1,73.7,17.7,14.2,100.0,4.7,5.4,6.1,6.6,6.9,6.8,6.4,6.6,6.4,6.8,7.0,6.8,6.2,5.1,4.3,3.1,2.1,2.5,82.5,80.0,75.8,20.7,17.2,(X),(X),(X),86.0,43.4,1.7,1.2,22.2,0.3,17.2,14.0,114.9,56.6,2.6,2.8,24.9,0.7,27.4,34.1,65.9,34.1,5.8,0.1,1.0,0.2,0.0,16.7,10.1,65.9,37.6,1.5,0.2,21.9,0.2,0.5,3.9,98.3,33.7,17.5,0.2,1.9,0.1,29.4,17.8,2.3,1.7,8.3,5.0,1.7,0.4,0.3,0.2,1.2,0.6,0.7,100.0,52.5,21.8,6.1,1.8,16.2,8.7,2.8,1.6,25.2,11.9,6.4,4.1,33.4,32.5,100.0,95.1,4.9,2.1,0.2,0.5,0.2,1.1,0.9,(X),(X),100.0,56.1,43.9
Placer   ,5.1,6.3,7.0,6.6,4.9,4.8,5.5,6.6,6.5,6.3,6.4,6.8,6.6,6.0,5.5,3.9,2.6,2.6,80.2,77.4,73.9,24.4,20.5,100.0,5.4,6.6,7.3,7.0,5.2,4.9,5.6,6.5,6.6,6.3,6.4,6.8,6.4,5.6,5.2,3.6,2.3,2.1,79.2,76.2,72.5,22.5,18.8,100.0,4.8,6.0,6.7,6.2,4.7,4.6,5.5,6.6,6.4,6.3,6.4,6.9,6.7,6.3,5.7,4.2,2.8,3.0,81.1,78.5,75.2,26.1,22.1,(X),(X),(X),87.9,71.3,1.7,0.9,8.8,0.3,5.0,12.1,113.1,82.8,2.9,3.4,11.8,0.9,11.2,15.0,85.0,15.0,4.0,0.1,0.4,0.2,0.0,4.5,5.8,85.0,67.3,1.6,0.5,8.6,0.2,0.5,6.3,98.9,37.6,21.1,0.2,2.0,0.1,29.7,20.7,1.6,1.2,3.9,2.8,1.1,0.6,0.3,0.3,0.5,0.3,0.3,100.0,56.5,22.5,5.5,1.6,14.4,9.1,3.7,1.7,23.5,13.9,8.6,3.6,32.3,37.4,100.0,88.2,11.8,1.3,0.1,0.6,0.2,8.5,1.0,(X),(X),100.0,71.7,28.3
Plumas   ,4.3,4.7,5.4,4.5,3.5,4.5,5.0,5.7,4.9,4.4,5.4,7.7,10.0,10.5,8.6,5.8,2.8,2.2,84.6,82.6,80.1,36.0,29.8,100.0,4.5,4.6,5.7,4.5,3.8,4.7,5.1,5.8,4.8,4.8,5.4,6.9,9.3,10.6,8.6,6.2,3.1,1.8,84.1,82.3,79.5,35.9,30.2,100.0,4.0,4.8,5.1,4.6,3.3,4.4,5.0,5.5,5.1,4.1,5.5,8.5,10.6,10.3,8.7,5.3,2.5,2.6,85.1,82.8,80.8,36.0,29.4,(X),(X),(X),90.8,83.9,0.5,2.3,0.8,0.2,3.0,9.2,110.5,92.7,1.6,6.3,2.0,0.7,7.1,9.6,90.4,9.6,3.1,0.0,0.4,0.0,0.0,2.5,3.6,90.4,80.8,0.5,1.9,0.7,0.2,0.6,5.6,99.4,46.5,21.0,0.1,3.2,0.1,21.2,14.9,1.8,1.3,2.7,2.7,0.6,0.4,0.2,0.2,0.2,0.1,0.1,100.0,45.4,10.3,7.2,2.3,22.6,17.3,7.9,1.8,24.8,16.2,9.0,3.4,21.5,47.3,100.0,59.9,40.1,1.2,0.1,1.4,0.6,33.7,3.1,(X),(X),100.0,70.4,29.6
Riverside   ,5.8,6.7,7.6,7.5,6.9,6.6,6.5,6.5,6.2,6.1,6.2,6.3,5.9,4.9,4.1,2.8,1.8,1.7,78.4,75.4,70.9,18.8,15.3,100.0,5.9,6.9,7.8,7.8,7.1,6.8,6.6,6.5,6.1,6.0,6.2,6.3,5.8,4.7,3.8,2.6,1.6,1.4,77.8,74.7,70.1,17.5,14.1,100.0,5.6,6.5,7.3,7.3,6.6,6.4,6.4,6.6,6.2,6.1,6.2,6.3,5.9,5.1,4.3,3.0,2.0,2.0,79.1,76.2,71.8,20.0,16.5,(X),(X),(X),83.2,41.2,6.5,1.8,7.1,0.3,26.4,16.8,117.9,56.7,8.2,3.9,9.0,0.8,39.4,49.7,50.3,49.7,8.6,0.4,1.3,0.3,0.1,25.8,13.3,50.3,32.6,6.1,0.5,6.8,0.3,0.5,3.5,98.5,31.6,16.3,0.4,2.0,0.2,32.4,20.0,3.6,2.9,8.2,3.9,1.5,0.8,0.6,0.2,0.7,0.3,0.3,100.0,52.6,22.2,6.9,2.9,16.1,8.8,3.6,2.0,24.4,10.6,6.4,5.2,38.4,34.4,100.0,90.0,10.0,1.7,0.2,0.9,0.3,5.9,1.1,(X),(X),100.0,66.6,33.4
Sacramento   ,5.9,6.5,6.8,6.4,6.5,7.4,7.6,7.2,6.3,6.0,6.1,6.3,6.0,5.0,4.0,2.5,1.7,1.8,79.4,76.8,73.0,18.5,15.0,100.0,6.2,6.8,7.2,6.8,6.8,7.5,7.8,7.3,6.4,6.0,6.0,6.2,5.7,4.7,3.7,2.2,1.4,1.4,78.5,75.7,71.7,16.7,13.4,100.0,5.7,6.2,6.5,6.1,6.2,7.3,7.4,7.1,6.3,6.0,6.1,6.4,6.2,5.3,4.3,2.8,1.9,2.2,80.3,77.8,74.3,20.1,16.5,(X),(X),(X),86.6,45.2,9.6,1.2,17.8,1.2,11.7,13.4,114.8,56.9,12.5,3.7,21.2,2.0,18.5,23.6,76.4,23.6,4.1,0.4,0.7,0.3,0.1,11.1,6.9,76.4,41.0,9.2,0.5,17.4,1.1,0.6,6.5,97.8,35.6,15.8,0.3,2.6,0.2,29.9,20.0,2.4,1.9,7.0,4.1,2.2,0.9,0.7,0.3,1.2,0.6,0.6,100.0,45.1,19.4,7.7,2.6,18.3,10.8,3.3,2.0,28.9,14.3,6.9,5.4,33.5,30.4,100.0,96.1,3.9,1.7,0.1,0.6,0.2,0.3,1.0,(X),(X),100.0,57.1,42.9
San Benito   ,6.4,6.8,7.7,7.3,6.4,6.2,6.8,7.0,6.6,6.2,6.5,6.5,6.0,4.7,3.7,2.3,1.4,1.5,77.6,74.6,70.4,17.1,13.6,100.0,6.4,6.9,7.9,7.6,6.8,6.3,6.6,7.2,6.6,6.2,6.4,6.3,5.9,4.5,3.6,2.2,1.3,1.1,77.3,74.2,69.6,16.1,12.8,100.0,6.3,6.7,7.6,7.0,6.0,6.1,7.0,6.9,6.5,6.2,6.5,6.7,6.1,5.0,3.7,2.5,1.5,1.9,77.9,75.1,71.1,18.0,14.5,(X),(X),(X),82.1,42.4,1.0,2.6,3.8,0.3,32.1,17.9,119.1,59.2,1.7,5.1,5.7,0.8,46.6,61.1,38.9,61.1,11.6,0.2,2.2,0.4,0.1,31.6,15.0,38.9,30.8,0.7,0.3,3.4,0.2,0.5,2.9,99.3,30.4,17.6,0.1,2.2,0.1,33.9,20.7,3.6,2.7,8.0,3.5,0.7,0.2,0.1,0.2,0.5,0.3,0.2,100.0,58.5,25.5,7.3,3.4,13.9,6.9,2.5,1.8,20.4,8.0,4.7,4.9,43.4,33.0,100.0,95.7,4.3,0.8,0.1,0.8,0.5,0.5,1.6,(X),(X),100.0,67.2,32.8
San Bernardino   ,6.2,7.0,7.6,7.4,7.3,7.5,7.1,6.7,6.2,6.1,6.1,6.2,5.7,4.6,3.4,2.2,1.4,1.2,77.7,74.7,70.3,16.1,12.7,100.0,6.4,7.2,7.9,7.7,7.7,7.7,7.2,6.7,6.2,5.9,6.1,6.1,5.6,4.4,3.2,2.0,1.2,0.9,77.0,73.9,69.2,14.9,11.7,100.0,6.0,6.8,7.4,7.1,6.9,7.2,7.1,6.7,6.3,6.2,6.2,6.3,5.9,4.8,3.6,2.3,1.5,1.5,78.4,75.5,71.3,17.2,13.8,(X),(X),(X),83.4,35.9,8.5,1.9,8.4,0.3,28.5,16.6,117.7,51.1,10.2,4.1,9.9,0.7,41.6,53.7,46.3,53.7,9.9,0.5,1.5,0.3,0.1,27.9,13.5,46.3,25.9,7.9,0.4,8.1,0.3,0.6,3.1,98.1,30.6,15.2,0.2,2.1,0.1,33.2,20.2,4.2,3.3,8.5,3.9,1.9,1.1,0.8,0.3,0.8,0.6,0.3,100.0,50.3,21.9,7.3,3.5,16.6,8.5,2.8,2.2,25.8,9.5,4.8,6.3,40.9,29.9,100.0,91.2,8.8,1.9,0.2,0.8,0.3,4.3,1.3,(X),(X),100.0,60.8,39.2
San Diego   ,5.3,5.8,6.2,6.5,8.0,7.7,7.5,7.1,6.3,6.1,6.1,6.3,5.9,5.0,4.0,2.6,1.7,1.9,81.5,79.1,74.6,18.6,15.2,100.0,5.4,6.0,6.3,6.8,8.7,8.0,7.6,7.2,6.3,6.0,6.0,6.2,5.7,4.7,3.7,2.3,1.5,1.4,81.0,78.5,73.7,17.0,13.7,100.0,5.2,5.6,6.0,6.2,7.3,7.4,7.4,7.0,6.4,6.2,6.2,6.4,6.1,5.2,4.3,2.8,2.0,2.3,82.1,79.7,75.6,20.2,16.6,(X),(X),(X),84.2,49.5,4.7,1.2,12.5,0.5,15.8,15.8,117.0,64.2,6.4,3.1,15.7,1.1,26.6,33.9,66.1,33.9,6.4,0.3,0.9,0.3,0.1,15.2,10.7,66.1,43.1,4.4,0.4,12.1,0.4,0.5,5.1,96.5,35.1,16.9,0.3,2.3,0.2,27.8,17.9,2.3,1.8,6.6,5.1,3.5,0.8,0.5,0.3,2.7,1.8,0.9,100.0,49.0,20.3,6.9,1.8,18.3,10.7,3.0,1.7,25.8,12.5,6.0,4.4,32.2,30.1,100.0,94.3,5.7,2.2,0.2,0.4,0.2,1.6,1.0,(X),(X),100.0,53.5,46.5
San Francisco   ,4.0,3.5,3.5,3.5,6.2,11.3,11.8,9.0,6.8,6.3,6.2,5.9,5.5,5.0,4.2,2.6,2.0,2.4,88.4,87.0,84.7,19.5,16.3,100.0,4.0,3.5,3.4,3.4,5.9,11.3,12.2,9.5,7.1,6.6,6.6,6.3,5.6,4.9,4.0,2.3,1.7,1.7,88.4,87.1,84.8,17.9,14.6,100.0,4.0,3.5,3.5,3.6,6.5,11.4,11.5,8.6,6.5,6.0,5.9,5.6,5.5,5.2,4.6,2.9,2.3,3.0,88.3,87.0,84.5,21.2,18.0,(X),(X),(X),90.1,41.3,5.3,0.7,33.9,0.4,8.4,9.9,110.9,50.2,6.8,2.1,37.5,0.8,13.4,15.6,84.4,15.6,2.3,0.2,0.6,0.3,0.0,7.6,4.7,84.4,39.1,5.2,0.2,33.7,0.4,0.7,5.2,96.8,42.6,13.6,0.8,3.3,0.6,17.6,10.9,1.3,0.9,6.8,10.3,3.2,0.5,0.3,0.2,2.7,1.7,1.1,100.0,33.8,11.6,9.1,0.8,27.3,18.4,4.4,1.0,29.7,17.8,6.8,2.4,18.6,27.7,100.0,91.4,8.6,3.8,0.4,0.4,0.3,1.2,2.4,(X),(X),100.0,34.1,65.9
San Joaquin   ,6.4,7.3,8.0,7.7,6.6,6.7,6.8,6.8,6.4,6.1,6.0,6.0,5.6,4.6,3.6,2.4,1.5,1.6,76.7,73.6,69.2,16.9,13.7,100.0,6.6,7.5,8.3,8.0,6.9,6.9,6.8,6.8,6.3,6.1,6.1,6.0,5.5,4.4,3.4,2.1,1.3,1.1,76.0,72.8,68.2,15.6,12.4,100.0,6.3,7.1,7.7,7.4,6.3,6.5,6.7,6.8,6.4,6.1,6.0,6.0,5.7,4.8,3.9,2.6,1.7,2.0,77.3,74.3,70.1,18.3,15.0,(X),(X),(X),85.5,34.3,7.7,1.6,17.9,0.7,23.3,14.5,115.8,47.1,9.7,3.9,20.8,1.4,32.9,41.8,58.2,41.8,6.6,0.4,1.2,0.6,0.1,22.8,10.1,58.2,27.7,7.3,0.4,17.3,0.6,0.5,4.4,97.7,30.9,15.6,0.1,2.1,0.1,33.7,22.0,3.4,2.7,8.4,3.3,2.3,1.3,1.0,0.3,1.0,0.6,0.5,100.0,50.7,23.5,7.2,3.5,16.9,8.7,3.0,2.5,25.1,10.3,5.7,6.2,41.7,31.4,100.0,95.9,4.1,1.5,0.1,0.7,0.2,0.3,1.3,(X),(X),100.0,59.3,40.7
San Luis Obispo   ,4.4,4.9,5.3,6.2,9.5,5.7,6.0,6.2,5.6,5.1,5.5,6.6,7.3,7.2,6.0,3.8,2.3,2.4,84.2,82.1,76.4,26.2,21.7,100.0,4.6,5.1,5.6,6.0,9.9,6.1,6.3,6.4,5.8,5.2,5.5,6.3,6.9,7.0,5.8,3.7,2.0,1.9,83.7,81.4,76.2,24.5,20.3,100.0,4.3,4.8,5.1,6.4,9.1,5.2,5.7,6.0,5.3,5.0,5.4,6.8,7.8,7.4,6.1,4.0,2.5,3.0,84.7,82.7,76.5,27.8,23.0,(X),(X),(X),86.5,70.2,1.6,1.1,3.7,0.1,9.7,13.5,114.4,83.2,2.5,3.6,5.8,0.6,18.7,24.0,76.0,24.0,5.3,0.1,0.7,0.1,0.0,9.1,8.7,76.0,65.0,1.5,0.4,3.5,0.1,0.6,4.8,94.2,38.2,18.4,0.2,2.4,0.1,23.3,15.7,1.8,1.3,3.7,6.1,5.8,1.9,1.6,0.2,3.9,2.0,1.9,100.0,48.9,15.8,6.6,1.8,17.9,11.2,4.4,1.4,26.6,15.4,8.8,3.4,25.7,39.5,100.0,87.1,12.9,1.6,0.4,0.7,0.3,8.1,1.8,(X),(X),100.0,61.5,38.5
San Mateo   ,5.2,5.6,5.8,5.6,5.5,7.1,7.8,7.6,7.0,6.8,6.7,6.7,6.1,5.1,4.3,2.9,2.0,2.2,82.2,79.8,76.7,20.1,16.5,100.0,5.5,5.8,6.1,5.9,5.8,7.4,8.2,7.8,7.0,6.8,6.6,6.6,5.9,4.9,3.9,2.5,1.7,1.7,81.4,79.0,75.7,18.1,14.7,100.0,5.0,5.3,5.6,5.4,5.1,6.8,7.5,7.4,7.0,6.7,6.8,6.8,6.3,5.4,4.6,3.2,2.3,2.8,82.9,80.6,77.7,21.9,18.3,(X),(X),(X),87.7,39.3,2.1,0.9,30.1,1.2,14.1,12.3,113.4,50.5,3.1,2.2,34.0,1.9,21.7,25.0,75.0,25.0,3.2,0.1,0.8,0.3,0.1,13.4,7.2,75.0,36.1,1.9,0.1,29.8,1.2,0.8,5.1,98.8,35.2,18.5,0.3,2.1,0.1,27.4,17.5,1.9,1.4,7.5,5.6,1.2,0.4,0.2,0.2,0.8,0.4,0.4,100.0,53.3,22.9,6.3,1.5,16.3,9.5,3.0,1.3,24.1,12.6,6.5,3.2,32.9,32.4,100.0,95.0,5.0,2.1,0.3,0.3,0.2,0.7,1.3,(X),(X),100.0,56.5,43.5
Santa Barbara   ,5.5,6.0,6.4,7.8,9.4,7.2,6.7,6.3,5.6,5.3,5.4,5.9,5.8,5.1,4.2,2.9,2.0,2.4,80.8,78.3,71.9,20.1,16.7,100.0,5.7,6.2,6.6,7.8,9.6,7.6,7.0,6.5,5.6,5.4,5.4,5.8,5.7,5.0,4.0,2.6,1.8,1.9,80.1,77.6,71.5,18.6,15.2,100.0,5.4,5.7,6.3,7.8,9.3,6.9,6.4,6.1,5.5,5.3,5.4,6.0,5.9,5.3,4.4,3.1,2.3,3.0,81.4,78.9,72.4,21.5,18.1,(X),(X),(X),82.2,50.1,1.6,2.1,5.9,0.2,22.2,17.8,118.8,67.0,2.7,4.4,8.0,0.5,36.3,47.0,53.0,47.0,8.9,0.2,1.8,0.3,0.0,21.7,14.1,53.0,41.2,1.4,0.4,5.7,0.1,0.5,3.7,95.4,33.1,15.5,0.2,2.3,0.1,27.2,17.8,2.6,2.0,6.6,7.8,4.6,1.2,0.9,0.3,3.4,1.6,1.8,100.0,47.3,18.9,7.4,2.6,18.2,10.3,3.9,1.7,27.1,13.7,7.8,4.5,32.6,34.8,100.0,93.7,6.3,1.5,0.2,0.5,0.2,2.4,1.4,(X),(X),100.0,52.4,47.6
Santa Clara   ,5.3,5.7,6.2,6.2,6.3,8.1,8.1,7.7,6.9,6.9,6.7,6.4,5.6,4.3,3.4,2.5,1.8,1.9,81.5,79.0,75.4,17.0,13.8,100.0,5.4,5.9,6.3,6.4,6.6,8.6,8.4,7.8,6.9,6.8,6.7,6.4,5.5,4.1,3.1,2.2,1.5,1.4,81.1,78.6,74.8,15.5,12.3,100.0,5.1,5.6,6.1,6.1,6.0,7.6,7.9,7.6,7.0,7.0,6.8,6.4,5.6,4.6,3.7,2.8,2.0,2.3,81.9,79.4,76.0,18.6,15.3,(X),(X),(X),89.2,32.2,2.3,1.1,39.2,0.4,14.0,10.8,111.7,42.1,3.2,2.5,42.3,0.8,20.8,25.2,74.8,25.2,3.5,0.1,1.0,0.3,0.0,13.5,6.8,74.8,28.7,2.2,0.2,38.9,0.3,0.5,4.0,98.0,33.9,18.4,0.2,1.8,0.1,28.2,18.4,1.9,1.4,7.9,5.6,2.0,0.4,0.2,0.2,1.6,0.9,0.7,100.0,54.8,25.4,5.8,1.5,17.7,9.8,2.5,1.5,21.7,10.4,5.0,3.4,35.4,28.2,100.0,95.4,4.6,2.3,0.2,0.3,0.2,0.5,1.2,(X),(X),100.0,53.7,46.3
Santa Cruz   ,4.4,5.0,5.8,7.4,8.1,6.2,6.3,6.4,6.1,6.0,6.3,6.7,6.9,6.6,5.2,2.9,1.7,1.8,83.5,81.1,75.3,22.3,18.2,100.0,4.4,5.3,6.0,7.6,8.4,6.6,6.5,6.4,6.1,6.0,6.3,6.6,6.7,6.4,5.1,2.7,1.5,1.2,83.1,80.7,74.7,21.0,17.1,100.0,4.4,4.8,5.7,7.3,7.8,5.8,6.1,6.4,6.1,6.0,6.4,6.7,7.2,6.7,5.2,3.1,1.9,2.3,83.9,81.6,75.9,23.6,19.2,(X),(X),(X),85.7,59.3,1.2,1.3,4.6,0.1,19.2,14.3,115.4,72.9,2.2,3.7,7.0,0.6,29.0,34.8,65.2,34.8,5.5,0.1,1.0,0.2,0.0,18.6,9.4,65.2,53.7,1.1,0.3,4.5,0.1,0.6,4.9,94.6,35.6,16.1,0.3,2.7,0.2,25.3,15.8,2.2,1.7,5.2,7.2,5.4,0.4,0.2,0.2,5.0,2.8,2.2,100.0,46.1,17.1,8.0,2.1,18.9,11.5,4.4,1.6,27.0,14.6,8.2,4.2,29.2,36.6,100.0,90.5,9.5,1.5,0.2,0.5,0.2,5.3,1.7,(X),(X),100.0,58.2,41.8
Shasta   ,5.3,6.0,6.3,5.8,5.2,5.7,6.3,6.2,5.5,5.1,5.8,7.1,7.5,7.0,5.9,4.2,2.7,2.6,81.2,78.8,75.6,26.8,22.4,100.0,5.6,6.3,6.6,6.1,5.5,5.7,6.3,6.2,5.7,5.1,5.7,6.8,7.3,6.8,5.8,4.1,2.4,2.1,80.3,77.7,74.3,25.5,21.2,100.0,5.0,5.7,6.0,5.5,4.9,5.7,6.2,6.1,5.2,5.1,5.9,7.3,7.7,7.2,6.0,4.4,2.9,3.0,82.1,79.8,76.8,28.1,23.5,(X),(X),(X),89.3,78.4,1.0,2.7,3.3,0.2,3.6,10.7,111.5,88.9,2.2,7.2,4.7,0.6,8.0,10.8,89.2,10.8,3.3,0.1,0.5,0.1,0.0,3.0,3.9,89.2,75.2,1.0,2.2,3.2,0.2,0.6,6.9,98.3,40.0,18.2,0.1,3.0,0.1,25.9,18.3,2.5,1.8,3.9,4.6,1.7,0.9,0.6,0.3,0.8,0.4,0.4,100.0,45.9,14.8,7.7,2.8,19.1,12.6,5.2,1.7,27.2,14.9,8.8,4.4,27.4,39.8,100.0,91.8,8.2,1.7,0.2,1.0,0.4,2.6,2.3,(X),(X),100.0,64.6,35.4
Sierra   ,4.0,4.5,5.2,4.6,2.2,3.6,5.1,5.9,5.5,4.9,6.0,8.3,9.4,10.8,9.4,5.1,3.3,2.4,85.2,83.4,81.2,36.1,30.9,100.0,4.4,4.8,5.1,5.1,2.5,3.6,5.1,5.7,6.3,4.3,6.2,7.8,9.6,9.6,9.5,5.3,3.1,2.0,84.6,82.9,80.0,34.7,29.5,100.0,3.6,4.2,5.4,4.1,1.9,3.6,5.0,6.0,4.7,5.4,5.7,8.9,9.1,11.9,9.2,4.9,3.6,2.8,85.8,83.8,82.4,37.5,32.4,(X),(X),(X),88.0,83.5,0.2,0.7,0.2,0.0,3.3,12.0,114.9,94.6,2.0,4.8,2.3,1.2,10.0,11.7,88.3,11.7,2.7,0.0,0.2,0.0,0.0,2.5,6.2,88.3,80.8,0.2,0.6,0.2,0.0,0.8,5.7,99.0,45.0,20.7,0.0,3.0,0.2,21.4,13.2,2.3,1.8,3.0,3.4,1.0,1.0,0.3,0.6,0.0,0.0,0.0,100.0,45.7,11.1,7.2,2.5,22.2,16.9,8.9,1.2,24.9,15.0,9.5,2.6,23.8,50.2,100.0,68.5,31.5,1.4,0.0,1.3,0.5,24.1,4.4,(X),(X),100.0,74.0,26.0
Siskiyou   ,4.7,5.2,6.0,5.5,4.5,4.6,5.3,5.7,5.0,5.0,5.5,7.3,8.9,9.0,7.6,5.0,2.7,2.5,82.9,80.7,77.6,32.3,26.7,100.0,5.0,5.0,6.4,5.7,5.0,4.6,5.4,5.8,5.1,5.1,5.4,6.9,8.3,9.0,7.6,5.1,2.6,2.0,82.3,79.9,76.7,31.5,26.3,100.0,4.4,5.4,5.5,5.3,4.1,4.6,5.2,5.6,5.0,4.9,5.7,7.6,9.4,9.0,7.6,4.9,2.7,3.1,83.6,81.6,78.5,33.0,27.2,(X),(X),(X),88.5,76.2,1.1,4.6,2.0,0.1,4.5,11.5,112.5,87.2,2.3,10.0,3.1,0.6,9.3,12.5,87.5,12.5,3.5,0.1,0.6,0.0,0.0,3.9,4.4,87.5,72.7,1.1,4.0,2.0,0.1,0.6,7.0,98.7,43.6,18.7,0.2,3.3,0.1,23.4,16.4,2.3,1.5,3.3,3.8,1.3,0.4,0.3,0.2,0.9,0.5,0.3,100.0,43.3,12.0,7.9,2.5,21.2,15.5,7.5,1.4,27.6,16.7,9.9,3.8,23.4,45.6,100.0,83.8,16.2,1.8,0.2,1.1,0.4,8.2,4.4,(X),(X),100.0,66.4,33.6
Solano   ,5.5,6.0,6.4,6.3,6.3,6.7,7.1,7.0,6.2,6.0,6.3,6.9,6.7,5.7,4.6,2.8,1.7,1.7,80.8,78.2,74.5,20.5,16.5,100.0,5.7,6.1,6.7,6.6,6.8,7.1,7.2,7.1,6.3,5.9,6.3,6.8,6.5,5.4,4.3,2.5,1.5,1.3,80.2,77.6,73.6,18.9,15.0,100.0,5.4,5.9,6.1,6.1,5.8,6.4,6.9,6.8,6.2,6.1,6.3,7.0,7.0,6.0,4.8,3.0,2.0,2.1,81.4,78.9,75.4,22.1,18.0,(X),(X),(X),85.3,38.8,13.7,1.2,16.0,0.9,14.7,14.7,116.5,51.4,16.9,3.7,20.1,2.1,22.2,28.3,71.7,28.3,4.6,0.5,0.8,0.4,0.1,14.1,7.9,71.7,34.2,13.2,0.4,15.6,0.8,0.7,6.8,97.5,34.4,16.9,0.2,2.2,0.1,29.4,18.3,2.9,2.2,7.3,4.0,2.5,1.7,1.6,0.1,0.7,0.5,0.2,100.0,49.8,19.1,6.8,2.6,16.5,9.2,3.2,1.9,26.9,12.4,6.6,5.2,34.2,34.4,100.0,96.1,3.9,1.7,0.1,0.5,0.2,0.4,1.0,(X),(X),100.0,62.4,37.6
Sonoma   ,4.6,5.4,5.9,6.0,5.7,6.0,6.5,6.7,6.2,5.9,6.3,7.0,7.2,6.8,5.9,3.7,2.1,2.3,82.9,80.4,76.9,25.1,20.9,100.0,4.8,5.6,6.2,6.4,5.9,6.3,6.6,6.8,6.3,5.9,6.4,6.8,6.9,6.5,5.6,3.4,1.9,1.7,82.1,79.5,75.8,23.1,19.1,100.0,4.4,5.1,5.7,5.6,5.4,5.7,6.3,6.5,6.1,5.8,6.2,7.2,7.4,7.2,6.3,4.0,2.4,2.8,83.6,81.3,78.1,27.0,22.6,(X),(X),(X),86.5,62.7,1.6,1.8,4.7,0.4,15.3,13.5,114.5,75.6,2.7,4.4,6.8,0.8,24.3,28.9,71.1,28.9,4.3,0.1,1.2,0.1,0.0,14.7,8.5,71.1,58.5,1.5,0.6,4.5,0.3,0.6,5.0,98.2,38.4,17.6,0.4,2.9,0.2,26.1,17.0,1.9,1.4,5.2,5.5,1.8,0.5,0.3,0.2,1.3,0.6,0.7,100.0,47.0,16.9,8.0,2.3,17.2,10.6,4.5,1.6,27.8,15.9,9.7,4.0,28.3,38.9,100.0,91.7,8.3,1.8,0.2,0.6,0.2,3.8,1.7,(X),(X),100.0,60.2,39.8
Stanislaus   ,6.4,7.2,7.9,7.5,6.6,6.8,6.9,6.8,6.3,5.9,5.9,6.1,5.7,4.7,3.7,2.5,1.6,1.6,76.9,73.8,69.5,17.5,14.2,100.0,6.7,7.5,8.2,7.8,6.8,6.9,6.9,6.8,6.3,5.9,5.8,6.0,5.5,4.5,3.5,2.2,1.4,1.2,76.0,72.8,68.4,16.0,12.9,100.0,6.2,7.0,7.6,7.2,6.3,6.7,6.9,6.7,6.2,5.8,5.9,6.1,5.8,4.9,4.0,2.7,1.9,2.0,77.7,74.7,70.6,18.9,15.5,(X),(X),(X),84.7,46.4,2.9,1.9,6.3,0.8,26.4,15.3,116.4,60.6,4.1,4.6,8.2,1.4,37.5,48.1,51.9,48.1,8.8,0.3,1.4,0.3,0.1,25.9,11.2,51.9,37.6,2.6,0.5,6.0,0.7,0.5,4.1,98.8,32.0,16.1,0.2,2.3,0.1,33.8,21.9,3.6,2.7,7.5,3.4,1.2,0.5,0.2,0.2,0.7,0.4,0.3,100.0,50.9,22.7,7.5,3.6,16.5,8.7,3.0,2.2,25.1,10.5,6.1,5.7,40.2,31.8,100.0,96.5,3.5,1.3,0.1,0.5,0.2,0.3,1.0,(X),(X),100.0,59.8,40.2
Sutter   ,6.3,6.8,7.6,7.3,6.2,6.7,6.6,6.4,6.1,5.7,6.0,6.3,6.0,5.1,4.1,3.0,1.9,1.9,77.9,74.9,70.8,19.5,16.0,100.0,6.4,7.0,7.8,7.7,6.6,7.0,6.8,6.3,6.2,5.6,6.0,6.1,5.9,4.9,3.9,2.6,1.7,1.5,77.0,74.0,69.7,18.0,14.6,100.0,6.1,6.5,7.3,6.9,5.8,6.3,6.5,6.4,6.1,5.9,6.0,6.5,6.1,5.2,4.3,3.3,2.2,2.4,78.7,75.7,71.9,21.0,17.4,(X),(X),(X),87.5,47.0,2.0,1.9,18.3,0.3,18.0,12.5,113.6,58.6,3.3,5.3,20.3,0.8,25.3,31.7,68.3,31.7,5.5,0.2,1.0,0.2,0.0,17.3,7.4,68.3,41.5,1.8,0.9,18.1,0.3,0.6,5.2,99.0,33.2,17.1,0.1,2.2,0.1,32.2,21.1,3.2,2.5,8.0,3.0,1.0,0.6,0.3,0.3,0.4,0.3,0.2,100.0,51.9,22.4,6.8,3.2,17.0,9.4,3.5,2.0,24.4,11.2,6.7,5.2,38.9,35.7,100.0,95.8,4.2,1.3,0.1,0.5,0.2,0.5,1.6,(X),(X),100.0,60.3,39.7
Tehama   ,5.9,6.9,7.3,6.5,5.2,5.7,6.1,6.0,5.4,5.1,5.7,7.2,7.1,6.2,5.4,3.8,2.5,2.1,78.5,75.7,72.3,24.1,20.0,100.0,5.9,7.0,7.7,6.7,5.4,5.9,6.1,6.1,5.5,5.1,5.6,7.0,6.9,6.0,5.3,3.6,2.3,1.8,77.9,75.0,71.5,22.9,19.0,100.0,5.8,6.8,6.9,6.2,5.0,5.6,6.1,5.9,5.3,5.1,5.8,7.3,7.2,6.3,5.6,4.1,2.7,2.3,79.1,76.5,73.1,25.3,21.0,(X),(X),(X),88.1,68.2,0.6,2.9,1.6,0.2,14.6,11.9,112.7,79.6,1.5,6.7,2.5,0.6,21.8,27.2,72.8,27.2,5.4,0.0,1.1,0.1,0.1,14.1,6.5,72.8,62.8,0.6,1.8,1.5,0.1,0.5,5.5,98.8,37.8,17.5,0.1,3.0,0.1,28.9,20.3,3.1,2.3,4.7,3.6,1.2,0.6,0.5,0.1,0.6,0.4,0.2,100.0,46.5,16.2,8.3,3.5,19.1,12.3,5.3,2.0,26.2,13.4,8.0,5.0,31.5,39.8,100.0,91.1,8.9,1.6,0.1,1.2,0.5,2.6,2.9,(X),(X),100.0,64.8,35.2
Trinity   ,4.4,4.6,4.8,4.5,4.3,6.0,6.2,6.3,6.2,5.1,6.2,7.4,9.1,9.0,6.8,4.4,2.6,2.1,85.2,83.3,80.9,30.5,24.9,100.0,4.1,4.5,4.6,4.5,4.8,6.3,6.0,6.7,6.6,5.2,6.6,7.2,8.9,8.8,6.1,4.4,2.7,1.8,85.9,84.1,81.4,29.5,23.8,100.0,4.8,4.8,5.0,4.4,3.7,5.5,6.5,5.9,5.5,5.1,5.6,7.7,9.3,9.2,7.6,4.4,2.6,2.4,84.3,82.3,80.2,31.8,26.2,(X),(X),(X),91.6,72.2,0.4,2.7,13.8,0.2,2.3,8.4,109.4,80.3,0.9,7.5,14.8,0.6,5.4,5.8,94.2,5.8,1.6,0.0,0.1,0.1,0.0,1.6,2.4,94.2,70.6,0.4,2.6,13.7,0.1,0.7,6.1,98.4,38.9,15.5,0.2,3.2,0.1,19.8,13.4,2.0,1.2,4.7,14.1,1.6,0.7,0.7,0.1,0.9,0.6,0.3,100.0,40.3,9.7,8.4,2.6,29.4,17.6,7.2,2.4,21.9,12.1,7.0,3.3,24.8,46.4,100.0,76.9,23.1,1.1,0.2,1.1,0.3,17.4,3.1,(X),(X),100.0,71.3,28.7
Tulare   ,7.2,8.5,9.1,8.4,6.8,6.8,6.8,6.7,6.1,5.6,5.4,5.4,4.9,4.1,3.3,2.2,1.4,1.3,73.4,70.0,65.4,15.1,12.2,100.0,7.3,8.7,9.3,8.7,7.0,6.9,6.8,6.7,6.0,5.6,5.4,5.4,4.9,3.9,3.1,2.0,1.2,1.0,72.8,69.3,64.5,14.1,11.3,100.0,7.0,8.3,8.9,8.2,6.7,6.8,6.7,6.7,6.2,5.6,5.4,5.5,5.0,4.3,3.4,2.3,1.6,1.6,74.1,70.7,66.2,16.1,13.1,(X),(X),(X),81.7,39.4,1.4,2.2,3.6,0.2,34.9,18.3,119.0,56.8,2.1,4.3,4.7,0.4,50.7,65.5,34.5,65.5,12.9,0.3,1.5,0.3,0.0,34.5,16.0,34.5,26.4,1.1,0.7,3.4,0.1,0.5,2.3,98.9,30.0,15.1,0.1,2.5,0.1,37.1,25.2,4.0,3.1,7.1,3.0,1.1,0.6,0.4,0.2,0.5,0.3,0.2,100.0,50.6,24.2,8.6,5.0,16.2,7.9,2.7,2.8,24.6,8.9,5.1,7.5,45.9,29.5,100.0,94.2,5.8,1.5,0.2,0.6,0.3,1.6,1.6,(X),(X),100.0,58.5,41.5
Tuolumne   ,4.2,4.7,4.9,4.8,4.6,5.4,6.1,6.1,5.4,5.0,5.5,7.3,8.9,8.7,7.5,4.9,3.2,2.8,85.1,83.2,80.4,32.6,27.1,100.0,4.1,4.6,4.9,5.0,4.9,6.2,6.7,6.8,5.8,5.3,5.4,7.0,8.4,8.2,7.1,4.5,2.8,2.3,85.4,83.4,80.6,30.2,24.9,100.0,4.4,4.9,5.0,4.6,4.2,4.5,5.4,5.3,5.0,4.7,5.6,7.5,9.5,9.3,7.8,5.3,3.6,3.5,84.7,82.9,80.1,35.2,29.4,(X),(X),(X),89.8,79.5,1.8,1.8,1.5,0.2,5.0,10.2,111.0,89.2,2.6,5.5,2.8,0.8,10.1,12.8,87.2,12.8,3.5,0.0,0.4,0.1,0.0,4.5,4.3,87.2,76.0,1.8,1.4,1.4,0.2,0.6,5.9,93.2,40.8,18.7,0.2,3.0,0.1,21.6,14.4,2.1,1.3,3.3,3.6,6.8,5.5,5.2,0.3,1.2,0.7,0.6,100.0,46.2,12.0,7.5,2.2,19.8,14.2,6.8,1.5,26.5,16.4,10.1,3.2,22.6,47.5,100.0,72.3,27.7,1.1,0.2,1.1,0.4,22.4,2.5,(X),(X),100.0,71.7,28.3
Ventura   ,5.2,6.0,6.9,7.0,6.5,6.4,6.3,6.4,6.1,6.2,6.6,6.9,6.6,5.4,4.4,3.0,2.0,2.1,80.6,77.8,73.7,20.7,16.9,100.0,5.4,6.2,7.1,7.2,6.8,6.7,6.5,6.4,6.1,6.1,6.6,6.8,6.5,5.2,4.2,2.7,1.7,1.7,79.9,77.0,72.7,19.3,15.5,100.0,5.0,5.8,6.6,6.7,6.2,6.2,6.2,6.3,6.2,6.3,6.6,7.0,6.7,5.6,4.6,3.2,2.2,2.6,81.2,78.5,74.6,22.2,18.3,(X),(X),(X),82.8,50.8,1.8,1.7,7.7,0.2,20.6,17.2,118.3,67.1,2.9,3.9,10.0,0.6,33.9,43.3,56.7,43.3,8.0,0.2,1.5,0.2,0.0,20.0,13.3,56.7,42.8,1.6,0.2,7.5,0.2,0.5,3.9,98.6,33.1,17.7,0.2,2.0,0.1,30.5,18.3,3.0,2.3,7.1,4.7,1.4,0.3,0.2,0.2,1.1,0.6,0.5,100.0,54.0,21.6,6.4,2.3,15.1,8.4,3.3,1.7,24.6,11.9,7.1,4.1,34.9,35.6,100.0,95.4,4.6,1.5,0.2,0.4,0.1,1.3,1.1,(X),(X),100.0,63.3,36.7
Yolo   ,5.2,5.8,6.2,8.8,12.3,7.4,6.5,6.3,5.8,5.4,5.5,5.6,5.3,4.7,3.6,2.4,1.6,1.7,81.6,79.1,71.0,17.1,14.0,100.0,5.5,6.1,6.6,8.5,12.0,7.8,6.8,6.4,5.8,5.5,5.5,5.5,5.2,4.5,3.5,2.2,1.3,1.3,80.6,77.9,70.6,15.9,12.9,100.0,5.0,5.5,5.9,9.1,12.5,7.0,6.1,6.3,5.8,5.3,5.5,5.7,5.4,4.9,3.8,2.5,1.8,2.1,82.6,80.3,71.4,18.2,15.0,(X),(X),(X),84.2,49.6,2.8,1.6,14.0,0.5,15.7,15.8,117.0,64.4,4.3,4.0,17.3,1.1,25.9,33.1,66.9,33.1,6.2,0.2,1.1,0.2,0.0,15.1,10.3,66.9,43.4,2.6,0.4,13.8,0.5,0.6,5.5,96.0,35.4,15.8,0.2,2.4,0.1,27.1,18.4,1.9,1.5,5.0,8.1,4.0,0.5,0.2,0.3,3.5,1.5,2.0,100.0,45.3,19.6,7.0,2.1,19.1,10.4,3.0,1.7,28.5,13.4,6.4,4.6,32.0,29.0,100.0,95.5,4.5,1.6,0.4,0.5,0.2,0.4,1.3,(X),(X),100.0,53.0,47.0
Yuba   ,7.2,7.7,7.7,7.0,6.6,7.4,7.4,7.0,6.0,5.3,5.4,6.0,5.8,4.8,3.7,2.2,1.4,1.2,75.9,73.0,68.9,16.8,13.4,100.0,7.5,7.9,7.8,7.3,7.1,7.5,7.5,7.2,5.9,5.2,5.2,5.9,5.5,4.8,3.6,2.0,1.2,1.0,75.3,72.3,68.0,15.8,12.6,100.0,7.0,7.5,7.6,6.7,6.1,7.2,7.4,6.8,6.2,5.4,5.7,6.1,6.1,4.9,3.8,2.4,1.6,1.5,76.4,73.7,69.9,17.7,14.2,(X),(X),(X),85.6,57.1,3.7,2.2,7.1,0.5,15.0,14.4,115.9,70.6,6.0,6.6,9.4,1.1,22.1,28.8,71.2,28.8,5.9,0.3,0.9,0.2,0.0,14.4,7.0,71.2,51.2,3.5,1.3,6.8,0.5,0.6,7.4,97.1,33.1,15.9,0.2,2.8,0.1,32.2,23.0,3.2,2.3,5.8,3.8,2.9,0.7,0.5,0.2,2.2,1.3,1.0,100.0,48.7,22.2,8.6,3.9,19.1,11.3,3.6,2.3,23.6,10.2,5.0,5.6,39.9,31.2,100.0,91.7,8.3,1.4,0.2,1.1,0.3,1.1,4.2,(X),(X),100.0,61.3,38.7
