YEAR,COUNTY,PYMT_AMT,PYMT_PCT,PYMT_PC,PYMT_PER_USER,STDZ_PYMT_AMT,STDZ_PYMT_PCT,STDZ_PYMT_PC,STDZ_PYMT_PER_USER,USER_CNT,USER_PCT,VISITS_PER_1000
2014,Alameda,44860311.11,0.0423,473.67,32366.75,34809758.15,0.046,367.55,25115.27,1386.0,0.0146,2090.8909
2014,Alpine,,,,,,,,,0.0,,
2014,Amador,518681.43,0.0077,68.88,25934.07,438715.28,0.0084,58.26,21935.76,20.0,0.0027,437.8486
2014,Butte,6445460.83,0.0156,147.62,24601.0,6033808.96,0.0172,138.19,23029.81,262.0,0.006,786.7302
2014,Calaveras,1262893.08,0.015,129.41,28702.12,1111710.59,0.0176,113.92,25266.15,44.0,0.0045,737.1657
2014,Colusa,1040255.82,0.0381,361.83,27375.15,954483.67,0.0461,331.99,25117.99,38.0,0.0132,1968.6957
2014,Contra Costa,29140575.63,0.0361,385.86,32450.53,22579354.93,0.038,298.98,25144.05,898.0,0.0119,1648.4071
2014,Del Norte,608406.74,0.0153,125.94,33800.37,538344.05,0.0164,111.44,29908.0,18.0,0.0037,831.2979
2014,El Dorado,2489377.93,0.0119,109.24,26203.98,2081533.06,0.0127,91.34,21910.87,95.0,0.0042,489.9509
2014,Fresno,28538328.8,0.0372,382.59,25756.61,26789522.29,0.0411,359.15,24178.27,1108.0,0.0149,2104.2337
2014,Glenn,1097417.76,0.0236,221.84,25521.34,1026068.35,0.0268,207.41,23862.05,43.0,0.0087,1069.9414
2014,Humboldt,2575731.38,0.014,108.8,24072.26,2312674.65,0.0158,97.69,21613.78,107.0,0.0045,584.6745
2014,Imperial,11189721.97,0.0534,549.13,23119.26,11594216.7,0.0631,568.99,23954.99,484.0,0.0238,3156.9416
2014,Inyo,478004.76,0.0116,121.14,29875.3,431133.27,0.0148,109.26,26945.83,16.0,0.0041,603.1424
2014,Kern,25439900.88,0.0393,432.68,25439.9,23859054.33,0.044,405.79,23859.05,1000.0,0.017,2368.4774
2014,Kings,5385247.56,0.045,433.8,25047.66,5171663.08,0.0503,416.6,24054.25,215.0,0.0173,2603.1094
2014,Lake,3012098.4,0.0203,206.07,26192.16,2678267.93,0.0241,183.23,23289.29,115.0,0.0079,997.3319
2014,Lassen,476166.83,0.0133,112.78,19046.67,452847.98,0.0153,107.26,18113.92,25.0,0.0059,706.5372
2014,Los Angeles,291818967.48,0.0393,542.14,25999.55,265752150.12,0.0436,493.71,23677.13,11224.0,0.0209,2784.1865
2014,Madera,3281641.21,0.0291,249.12,21036.16,3399025.58,0.0349,258.03,21788.63,156.0,0.0118,1486.07
2014,Marin,3701730.54,0.013,126.39,30847.75,2905198.14,0.0138,99.19,24209.98,120.0,0.0041,533.1877
2014,Mariposa,374608.95,0.0102,92.86,19716.26,335816.58,0.0114,83.25,17674.56,19.0,0.0047,649.7273
2014,Mendocino,3126161.56,0.0216,176.6,29216.46,2696590.79,0.0247,152.33,25201.78,107.0,0.006,885.0977
2014,Merced,11078555.61,0.0395,396.9,25945.1,9911205.66,0.0448,355.07,23211.25,427.0,0.0153,2049.9409
2014,Modoc,,,,,,,,,0.0,,
2014,Mono,,,,,,,,,0.0,,
2014,Monterey,15501622.19,0.0321,300.13,30635.62,12479801.05,0.0342,241.62,24663.64,506.0,0.0098,1405.1694
2014,Napa,2555135.16,0.0182,178.98,29369.37,2081622.08,0.0196,145.81,23926.69,87.0,0.0061,794.8305
2014,Nevada,2033492.21,0.0125,99.46,27113.23,1799325.15,0.0138,88.01,23991.0,75.0,0.0037,487.8454
2014,Orange,61795853.14,0.028,314.2,25791.26,56896347.63,0.0304,289.29,23746.39,2396.0,0.0122,1650.4304
2014,Placer,6254384.73,0.0201,181.79,29363.31,5129013.05,0.0208,149.08,24079.87,213.0,0.0062,847.3724
2014,Plumas,357693.8,0.0087,72.16,22355.86,334745.28,0.0101,67.53,20921.58,16.0,0.0032,426.6694
2014,Riverside,38630682.11,0.0315,339.57,24763.26,36245908.77,0.0345,318.61,23234.56,1560.0,0.0137,1853.7837
2014,Sacramento,43625110.7,0.045,453.15,30983.74,35620000.42,0.0496,370.0,25298.3,1408.0,0.0146,2009.7018
2014,San Benito,1801585.72,0.0287,282.96,33362.7,1393827.5,0.0311,218.91,25811.62,54.0,0.0085,1384.6395
2014,San Bernardino,47114951.07,0.0506,580.0,25481.31,44337960.01,0.0576,545.81,23979.43,1849.0,0.0228,3186.4021
2014,San Diego,70076066.45,0.0351,360.11,27056.4,64244279.7,0.0377,330.14,24804.74,2590.0,0.0133,1963.3394
2014,San Francisco,22289092.83,0.0317,330.12,30701.23,17473262.11,0.0373,258.79,24067.85,726.0,0.0108,1482.8194
2014,San Joaquin,23913332.84,0.0444,443.36,28001.56,20704730.11,0.0497,383.88,24244.41,854.0,0.0158,2127.2063
2014,San Luis Obispo,5396544.27,0.015,118.91,25697.83,4791426.47,0.0156,105.57,22816.32,210.0,0.0046,687.8704
2014,San Mateo,15666758.04,0.0314,299.63,30244.71,12306804.84,0.034,235.37,23758.31,518.0,0.0099,1368.8297
2014,Santa Barbara,11412406.0,0.0243,209.43,27107.85,10223880.54,0.0256,187.62,24284.75,421.0,0.0077,1132.8978
2014,Santa Clara,45882511.56,0.0363,373.23,31708.72,35540507.52,0.0398,289.1,24561.51,1447.0,0.0118,1752.7779
2014,Santa Cruz,7140568.52,0.023,205.99,32605.34,5418669.78,0.0238,156.32,24742.78,219.0,0.0063,935.697
2014,Shasta,4909471.27,0.0134,122.96,28215.35,4112156.52,0.0141,102.99,23633.08,174.0,0.0044,602.4646
2014,Sierra,,,,,,,,,0.0,,
2014,Siskiyou,1214849.82,0.0149,115.21,28925.0,1096431.0,0.017,103.98,26105.5,42.0,0.004,717.1171
2014,Solano,14711903.78,0.054,507.32,30649.8,11730476.44,0.0584,404.51,24438.49,480.0,0.0166,2348.5637
2014,Sonoma,10128471.49,0.0217,205.85,31357.5,7921818.53,0.0227,161.01,24525.75,323.0,0.0066,937.0351
2014,Stanislaus,18967413.84,0.0477,487.02,28608.47,16519719.18,0.0522,424.17,24916.62,663.0,0.017,2471.422
2014,Sutter,3271694.69,0.0253,230.34,24056.58,3039603.78,0.029,214.0,22350.03,136.0,0.0096,1158.8989
2014,Tehama,1756786.19,0.0163,133.07,23423.82,1571279.75,0.0181,119.02,20950.4,75.0,0.0057,640.206
2014,Trinity,,,,,,,,,0.0,,
2014,Tulare,17189515.92,0.0412,377.72,23104.19,17146193.03,0.0476,376.76,23045.96,744.0,0.0163,2239.1615
2014,Tuolumne,1306981.55,0.0108,99.23,24660.03,1161272.72,0.0124,88.17,21910.81,53.0,0.004,489.3326
2014,Ventura,25438119.51,0.0304,318.6,27177.48,22585756.29,0.032,282.87,24130.08,936.0,0.0117,1600.3832
2014,Yolo,3790024.44,0.0371,307.33,28712.31,3082528.34,0.0402,249.96,23352.49,132.0,0.0107,1364.4178
2014,Yuba,2377672.64,0.0264,243.02,22430.87,2210334.14,0.0304,225.91,20852.21,106.0,0.0108,1260.834
2014,nan,,,,,,,,,0.0,,
2015,Alameda,47112751.89,0.0411,470.85,33084.8,35654202.1,0.0434,356.33,25038.06,1424.0,0.0142,2040.3062
2015,Alpine,,,,,,,,,0.0,,
2015,Amador,589641.75,0.0084,76.92,31033.78,491341.65,0.0091,64.09,25860.09,19.0,0.0025,468.1711
2015,Butte,6792032.19,0.0149,150.7,23501.84,6330156.65,0.0164,140.45,21903.66,289.0,0.0064,796.623
2015,Calaveras,1240052.14,0.0134,124.03,27556.71,1066177.0,0.0154,106.64,23692.82,45.0,0.0045,741.4483
2015,Colusa,1106375.03,0.0381,374.66,25144.89,991915.84,0.0448,335.9,22543.54,44.0,0.0149,2036.2343
2015,Contra Costa,29492481.07,0.0349,384.51,31208.97,22364258.38,0.0358,291.58,23665.88,945.0,0.0123,1643.4336
2015,Del Norte,536718.66,0.0128,105.95,28248.35,472112.77,0.0134,93.19,24848.04,19.0,0.0038,658.3103
2015,El Dorado,2791793.66,0.0128,118.53,30019.29,2261755.34,0.0132,96.03,24319.95,93.0,0.0039,544.5591
2015,Fresno,30283973.45,0.0381,401.75,26106.87,28349175.13,0.0418,376.08,24438.94,1160.0,0.0154,2193.7384
2015,Glenn,1130615.49,0.0236,223.31,23073.79,1054055.98,0.0266,208.19,21511.35,49.0,0.0097,1113.174
2015,Humboldt,2723143.2,0.014,111.99,26184.07,2393766.37,0.0154,98.45,23016.98,104.0,0.0043,564.0962
2015,Imperial,11901651.54,0.0496,525.09,23567.63,12311152.7,0.0582,543.16,24378.52,505.0,0.0223,2974.8522
2015,Inyo,555792.25,0.0128,139.23,29252.22,487923.93,0.0157,122.23,25680.21,19.0,0.0048,664.8297
2015,Kern,26380064.23,0.0399,443.18,25786.96,24255119.6,0.0436,407.48,23709.79,1023.0,0.0172,2372.2028
2015,Kings,5556275.32,0.0456,444.15,25255.8,5291844.38,0.0502,423.01,24053.84,220.0,0.0176,2581.6946
2015,Lake,3388138.99,0.021,226.24,25667.72,2932823.29,0.025,195.83,22218.36,132.0,0.0088,1126.5358
2015,Lassen,384450.42,0.01,89.91,20234.23,368411.04,0.0113,86.16,19390.05,19.0,0.0044,608.2788
2015,Los Angeles,295227940.45,0.0388,544.09,26052.59,266643452.99,0.0425,491.41,23530.13,11332.0,0.0209,2803.9314
2015,Madera,3690343.99,0.0299,275.69,22779.9,3904142.29,0.0362,291.66,24099.64,162.0,0.0121,1700.7321
2015,Marin,4009849.67,0.0135,134.83,34272.22,3032037.17,0.0139,101.95,25914.85,117.0,0.0039,548.1995
2015,Mariposa,344296.48,0.0091,83.28,20252.73,307515.17,0.01,74.39,18089.13,17.0,0.0041,492.985
2015,Mendocino,3534441.89,0.0224,192.5,29952.9,2974235.86,0.0254,161.99,25205.39,118.0,0.0064,968.6292
2015,Merced,11066247.94,0.0381,395.07,26161.34,9836722.4,0.0429,351.17,23254.66,423.0,0.0151,1985.5414
2015,Modoc,,,,,,,,,0.0,,
2015,Mono,,,,,,,,,0.0,,
2015,Monterey,16161521.41,0.0321,305.68,30095.94,12846747.04,0.0336,242.99,23923.18,537.0,0.0102,1407.509
2015,Napa,3209023.02,0.0203,207.53,28398.43,2505403.74,0.0208,162.03,22171.71,113.0,0.0073,891.7416
2015,Nevada,2176420.86,0.0124,102.01,28265.21,1881446.87,0.0134,88.18,24434.37,77.0,0.0036,521.6067
2015,Orange,58507983.94,0.0258,299.41,25175.55,53690026.05,0.0277,274.75,23102.42,2324.0,0.0119,1576.8274
2015,Placer,6669502.7,0.02,188.39,30315.92,5300865.36,0.02,149.73,24094.84,220.0,0.0062,848.4874
2015,Plumas,349636.22,0.0077,69.03,16649.34,329176.88,0.0087,64.99,15675.09,21.0,0.0041,436.7226
2015,Riverside,40660267.22,0.0318,352.78,25192.23,37906127.64,0.0344,328.89,23485.83,1614.0,0.014,1950.675
2015,Sacramento,44126552.08,0.0434,449.89,31075.04,35012038.7,0.0464,356.96,24656.37,1420.0,0.0145,1997.023
2015,San Benito,1980018.3,0.0287,297.52,32459.32,1472032.59,0.0298,221.19,24131.68,61.0,0.0092,1307.7385
2015,San Bernardino,47417514.75,0.0487,578.86,25728.44,44334293.26,0.0549,541.22,24055.5,1843.0,0.0225,3188.659
2015,San Diego,73080105.61,0.0345,364.68,27258.53,66170177.28,0.0365,330.2,24681.16,2681.0,0.0134,1933.9648
2015,San Francisco,23102750.75,0.0311,338.4,30721.74,17402188.27,0.0354,254.9,23141.21,752.0,0.011,1459.712
2015,San Joaquin,24903487.76,0.0434,461.27,27639.83,21093282.32,0.0475,390.7,23410.97,901.0,0.0167,2178.8327
2015,San Luis Obispo,5623332.89,0.0147,121.63,26155.04,4930248.54,0.015,106.64,22931.39,215.0,0.0047,696.9631
2015,San Mateo,15710327.95,0.03,294.35,31109.56,11861061.97,0.0315,222.23,23487.25,505.0,0.0095,1337.2304
2015,Santa Barbara,12071110.75,0.0242,217.69,26884.43,10699465.66,0.0251,192.95,23829.54,449.0,0.0081,1167.896
2015,Santa Clara,52637499.89,0.0455,493.66,33807.0,38939885.61,0.0477,365.2,25009.56,1557.0,0.0146,2216.8327
2015,Santa Cruz,7546957.97,0.0224,208.63,33100.69,5589664.24,0.0225,154.52,24516.07,228.0,0.0063,924.9461
2015,Shasta,5072167.04,0.0129,123.59,27417.12,4199443.37,0.0133,102.32,22699.69,185.0,0.0045,585.8532
2015,Sierra,,,,,,,,,0.0,,
2015,Siskiyou,1079117.62,0.0124,99.57,24525.4,958169.04,0.0141,88.41,21776.57,44.0,0.0041,612.2901
2015,Solano,16179483.54,0.0478,472.26,30759.47,12435587.25,0.0497,362.98,23641.8,526.0,0.0154,2127.1454
2015,Sonoma,11069482.87,0.0223,222.05,31269.73,8457587.22,0.0227,169.65,23891.49,354.0,0.0071,977.373
2015,Stanislaus,19953929.59,0.0478,506.64,27637.02,17473079.88,0.0518,443.65,24200.94,722.0,0.0183,2565.1898
2015,Sutter,3466952.13,0.0246,237.17,23746.25,3192219.04,0.0278,218.38,21864.51,146.0,0.01,1177.2472
2015,Tehama,1936214.18,0.0171,145.51,27270.62,1707558.65,0.0186,128.33,24050.12,71.0,0.0053,690.1398
2015,Trinity,,,,,,,,,0.0,,
2015,Tulare,17677658.64,0.0386,386.19,22809.88,17831133.05,0.0448,389.55,23007.91,775.0,0.0169,2374.2955
2015,Tuolumne,1331568.33,0.0104,99.32,25607.08,1162363.37,0.0117,86.7,22353.14,52.0,0.0039,446.4832
2015,Ventura,24232400.41,0.0268,291.52,26835.44,21549559.76,0.0278,259.25,23864.41,903.0,0.0109,1467.7165
2015,Yolo,4218594.75,0.0323,289.58,30792.66,3328595.51,0.0339,228.49,24296.32,137.0,0.0094,1213.413
2015,Yuba,2239493.67,0.0239,224.76,22173.2,2064240.37,0.0274,207.17,20438.02,101.0,0.0101,1188.6792
2015,nan,,,,,,,,,0.0,,
2016,Alameda,47881099.86,0.0404,478.06,34200.79,34794613.02,0.0415,347.4,24853.3,1400.0,0.014,2032.5189
2016,Alpine,,,,,,,,,0.0,,
2016,Amador,676371.86,0.0094,86.28,27054.87,554362.79,0.0101,70.72,22174.51,25.0,0.0032,471.4887
2016,Butte,7273774.32,0.0158,161.82,23693.08,6697426.23,0.0174,149.0,21815.72,307.0,0.0068,856.0368
2016,Calaveras,1364325.84,0.0142,133.33,29028.21,1161771.9,0.0159,113.53,24718.55,47.0,0.0046,764.7806
2016,Colusa,1033081.19,0.0405,354.16,28696.7,827495.86,0.0415,283.68,22986.0,36.0,0.0123,1727.1169
2016,Contra Costa,30993506.08,0.0352,401.81,33183.63,22523136.75,0.0351,292.0,24114.71,934.0,0.0121,1614.4033
2016,Del Norte,465022.02,0.011,89.31,27354.24,401735.42,0.0116,77.15,23631.5,17.0,0.0033,461.3021
2016,El Dorado,3063296.26,0.0132,128.53,28628.94,2395418.87,0.0135,100.51,22387.09,107.0,0.0045,588.4278
2016,Fresno,30635274.99,0.038,401.51,25172.78,29369368.48,0.0429,384.91,24132.6,1217.0,0.0159,2262.1722
2016,Glenn,1234265.67,0.0246,244.75,26831.86,1140240.11,0.0276,226.1,24787.83,46.0,0.0091,1255.6018
2016,Humboldt,2828908.2,0.0142,115.11,27201.04,2404448.23,0.0155,97.84,23119.69,104.0,0.0042,529.4405
2016,Imperial,11907736.55,0.0468,506.67,22382.96,12765155.51,0.0578,543.15,23994.65,532.0,0.0226,3062.5053
2016,Inyo,559119.54,0.0135,137.95,26624.74,479262.23,0.0151,118.25,22822.01,21.0,0.0052,630.8907
2016,Kern,27877899.22,0.0401,463.17,26626.46,25082989.38,0.0433,416.74,23957.01,1047.0,0.0174,2408.7624
2016,Kings,5888384.39,0.0464,470.96,24433.13,5585453.89,0.0516,446.73,23176.16,241.0,0.0193,2757.2583
2016,Lake,3491088.56,0.0208,230.71,26052.9,2935558.95,0.0232,194.0,21907.16,134.0,0.0089,1071.3058
2016,Lassen,355690.22,0.0096,80.78,20922.95,340976.41,0.0106,77.44,20057.44,17.0,0.0039,583.6929
2016,Los Angeles,298694154.02,0.0359,518.72,26444.81,263782081.58,0.0388,458.09,23353.88,11295.0,0.0196,2628.1839
2016,Madera,3784234.42,0.0291,275.06,21379.86,4114583.31,0.0368,299.07,23246.23,177.0,0.0129,1726.9225
2016,Marin,3708890.2,0.0123,125.06,33115.09,2722711.32,0.0124,91.81,24309.92,112.0,0.0038,488.721
2016,Mariposa,280233.21,0.0074,68.27,20016.66,239242.14,0.0078,58.28,17088.72,14.0,0.0034,412.4239
2016,Mendocino,3542998.99,0.0206,189.49,28343.99,2878589.55,0.0225,153.95,23028.72,125.0,0.0067,914.6433
2016,Merced,12044318.75,0.0405,431.31,27126.84,10223990.19,0.0441,366.12,23027.0,444.0,0.0159,2083.2229
2016,Modoc,,,,,,,,,0.0,,
2016,Mono,,,,,,,,,0.0,,
2016,Monterey,17504353.86,0.0325,326.71,32718.42,13310405.6,0.0331,248.44,24879.26,535.0,0.01,1467.9433
2016,Napa,3201030.44,0.0191,205.44,28079.21,2455016.3,0.0195,157.56,21535.23,114.0,0.0073,894.166
2016,Nevada,2085561.11,0.0112,94.18,27441.59,1745802.22,0.0118,78.84,22971.08,76.0,0.0034,474.6895
2016,Orange,50950591.26,0.0227,265.7,24343.33,46698031.36,0.0244,243.52,22311.53,2093.0,0.0109,1439.8333
2016,Placer,6724412.74,0.0193,192.04,31276.34,5131073.86,0.0189,146.54,23865.46,215.0,0.0061,845.1851
2016,Plumas,301369.57,0.0065,58.64,21526.4,287039.65,0.0073,55.86,20502.83,14.0,0.0027,352.5978
2016,Riverside,42954710.25,0.0315,356.98,25954.51,39436925.85,0.0341,327.75,23828.96,1655.0,0.0138,1946.0724
2016,Sacramento,47103039.42,0.0458,500.81,32350.99,35959801.99,0.0479,382.34,24697.67,1456.0,0.0155,2140.3358
2016,San Benito,2248509.29,0.031,340.58,32587.09,1636600.59,0.0318,247.89,23718.85,69.0,0.0105,1499.6971
2016,San Bernardino,48885949.33,0.0461,569.01,26367.83,44937179.0,0.0518,523.05,24237.96,1854.0,0.0216,3083.7931
2016,San Diego,70694563.34,0.0315,342.3,26727.62,63971687.05,0.0336,309.75,24185.89,2645.0,0.0128,1844.4633
2016,San Francisco,23086260.21,0.0297,335.48,30905.3,16883580.07,0.0333,245.35,22601.85,747.0,0.0109,1422.5823
2016,San Joaquin,24931525.89,0.0441,461.05,27887.61,21321051.85,0.0486,394.29,23849.05,894.0,0.0165,2237.1891
2016,San Luis Obispo,5267089.22,0.013,110.9,25201.38,4517845.38,0.0131,95.13,21616.49,209.0,0.0044,625.3974
2016,San Mateo,15699270.52,0.0281,294.7,32369.63,11519348.21,0.029,216.24,23751.23,485.0,0.0091,1308.5861
2016,Santa Barbara,12673246.31,0.0244,225.19,27976.26,10908520.15,0.0248,193.84,24080.62,453.0,0.008,1160.6873
2016,Santa Clara,54982453.11,0.0435,488.94,34998.38,39572555.06,0.0446,351.9,25189.4,1571.0,0.014,2147.5905
2016,Santa Cruz,8038323.97,0.0228,219.18,34351.81,5663178.1,0.0221,154.42,24201.62,234.0,0.0064,943.8309
2016,Shasta,5215082.01,0.0129,124.36,25439.42,4213049.88,0.0131,100.47,20551.46,205.0,0.0049,585.3246
2016,Sierra,,,,,,,,,0.0,,
2016,Siskiyou,1294975.82,0.0141,115.62,26978.66,1129136.09,0.0154,100.82,23523.67,48.0,0.0043,696.4286
2016,Solano,18004761.07,0.0483,522.54,33157.94,13439340.46,0.0494,390.04,24750.17,543.0,0.0158,2272.6376
2016,Sonoma,11436014.7,0.0217,231.69,32305.13,8386655.76,0.0216,169.91,23691.12,354.0,0.0072,1016.795
2016,Stanislaus,21212654.66,0.0505,540.86,28550.01,18244982.63,0.0542,465.2,24555.83,743.0,0.0189,2679.6022
2016,Sutter,3513401.24,0.0236,236.24,23267.56,3169941.71,0.0267,213.15,20992.99,151.0,0.0102,1172.9424
2016,Tehama,2204971.46,0.0182,164.99,25940.84,1892712.59,0.0197,141.63,22267.21,85.0,0.0064,799.3116
2016,Trinity,,,,,,,,,0.0,,
2016,Tulare,17729725.55,0.0383,386.25,22189.89,17963833.57,0.0451,391.35,22482.9,799.0,0.0174,2448.5208
2016,Tuolumne,1499542.2,0.0113,109.68,26777.54,1267070.05,0.0125,92.68,22626.25,56.0,0.0041,512.4342
2016,Ventura,24957669.22,0.0262,296.42,26298.91,21962814.5,0.0271,260.85,23143.11,949.0,0.0113,1480.9373
2016,Yolo,2864019.85,0.0217,203.19,22551.34,2170015.59,0.0223,153.96,17086.74,127.0,0.009,885.917
2016,Yuba,2460596.1,0.0238,241.45,24854.51,2210753.92,0.027,216.93,22330.85,99.0,0.0097,1198.4104
2016,nan,,,,,,,,,0.0,,
2017,Alameda,49273962.59,0.0389,476.07,33935.24,35377168.11,0.0398,341.81,24364.44,1452.0,0.014,1989.9518
2017,Alpine,,,,,,,,,0.0,,
2017,Amador,615709.23,0.0081,77.68,22804.05,478738.59,0.0083,60.4,17731.06,27.0,0.0034,376.861
2017,Butte,7321189.8,0.0153,161.43,24162.34,6734192.88,0.0169,148.48,22225.06,303.0,0.0067,839.746
2017,Calaveras,1424064.32,0.0141,137.38,26869.14,1185859.23,0.0153,114.4,22374.7,53.0,0.0051,792.977
2017,Colusa,834496.12,0.0308,280.41,20353.56,731470.41,0.0345,245.79,17840.74,41.0,0.0138,1535.2823
2017,Contra Costa,33139339.51,0.0355,422.93,33205.75,23840408.47,0.0353,304.25,23888.18,998.0,0.0127,1690.6339
2017,Del Norte,409663.66,0.0093,78.22,21561.25,359956.65,0.01,68.73,18945.09,19.0,0.0036,467.6341
2017,El Dorado,3259147.43,0.0137,134.01,28340.41,2536056.44,0.0141,104.28,22052.66,115.0,0.0047,610.7319
2017,Fresno,30169161.12,0.0363,390.68,24468.09,28756661.64,0.0404,372.39,23322.52,1233.0,0.016,2195.8121
2017,Glenn,1134389.3,0.0222,225.57,23633.11,1045679.21,0.0246,207.93,21784.98,48.0,0.0095,1186.5182
2017,Humboldt,2895576.95,0.0139,116.51,26810.9,2469685.73,0.0154,99.37,22867.46,108.0,0.0043,548.7466
2017,Imperial,12456113.57,0.0471,531.93,23771.21,13126303.03,0.0572,560.55,25050.2,524.0,0.0224,3179.2288
2017,Inyo,604069.14,0.0136,147.01,22372.93,520700.42,0.0158,126.72,19285.2,27.0,0.0066,680.9443
2017,Kern,28028388.4,0.0389,459.53,25205.39,25537149.78,0.042,418.69,22965.06,1112.0,0.0182,2441.7392
2017,Kings,5754627.34,0.0442,458.87,24592.42,5475345.21,0.0492,436.6,23398.91,234.0,0.0187,2680.3285
2017,Lake,3356083.72,0.0189,221.35,24496.96,2851165.3,0.0211,188.05,20811.43,137.0,0.009,1001.0553
2017,Lassen,148821.96,0.0038,33.12,13529.27,148545.65,0.0044,33.05,13504.15,11.0,0.0024,197.8193
2017,Los Angeles,300290073.05,0.0348,520.14,26433.99,260074985.34,0.0369,450.48,22893.92,11360.0,0.0197,2591.0339
2017,Madera,3747066.88,0.0287,272.97,21912.67,4018079.76,0.0356,292.71,23497.54,171.0,0.0125,1799.2278
2017,Marin,3541944.29,0.0114,120.94,33102.28,2562497.79,0.0115,87.5,23948.58,107.0,0.0037,453.459
2017,Mariposa,263773.85,0.0072,64.46,21981.15,225273.22,0.0075,55.05,18772.77,12.0,0.0029,285.9238
2017,Mendocino,3326461.4,0.0182,175.17,29437.71,2731198.11,0.0201,143.82,24169.89,113.0,0.006,821.3797
2017,Merced,12514757.62,0.039,434.81,26798.2,10699134.91,0.0429,371.73,22910.35,467.0,0.0162,2138.4546
2017,Modoc,,,,,,,,,0.0,,
2017,Mono,,,,,,,,,0.0,,
2017,Monterey,17902428.7,0.0312,333.48,32083.21,13106839.12,0.0315,244.15,23488.96,558.0,0.0104,1427.334
2017,Napa,3200282.28,0.019,207.14,26448.61,2446072.75,0.0193,158.32,20215.48,121.0,0.0078,894.8867
2017,Nevada,2185676.47,0.0112,96.88,27666.79,1852931.25,0.0121,82.13,23454.83,79.0,0.0035,484.553
2017,Orange,63237650.65,0.026,317.89,25571.23,57011647.55,0.0275,286.59,23053.64,2473.0,0.0124,1658.8147
2017,Placer,6254517.04,0.0171,176.82,30361.73,4703413.03,0.0167,132.97,22832.1,206.0,0.0058,777.3663
2017,Plumas,321142.72,0.0072,61.96,21409.51,307260.7,0.008,59.28,20484.05,15.0,0.0029,385.8769
2017,Riverside,42877875.67,0.0303,354.39,24871.16,39315555.09,0.0327,324.94,22804.85,1724.0,0.0142,1916.2424
2017,Sacramento,49413523.21,0.0449,516.25,32745.87,37237442.79,0.047,389.04,24676.9,1509.0,0.0158,2157.1629
2017,San Benito,2524220.66,0.0343,378.44,34578.37,1817060.85,0.0346,272.42,24891.24,73.0,0.0109,1761.919
2017,San Bernardino,47939290.15,0.0441,561.75,25955.22,44028169.18,0.0492,515.92,23837.67,1847.0,0.0216,3045.1142
2017,San Diego,73530310.4,0.0317,353.57,27622.21,64967430.12,0.0332,312.39,24405.5,2662.0,0.0128,1857.6079
2017,San Francisco,21918021.11,0.0281,321.98,32811.41,15827611.35,0.0313,232.51,23694.03,668.0,0.0098,1379.6072
2017,San Joaquin,25620125.66,0.0425,468.67,28593.89,20859132.61,0.0447,381.57,23280.28,896.0,0.0164,2142.4834
2017,San Luis Obispo,5206694.39,0.012,106.14,25032.18,4485272.21,0.0122,91.43,21563.81,208.0,0.0042,620.1688
2017,San Mateo,16427419.64,0.029,309.9,31713.17,11933574.77,0.0297,225.12,23037.79,518.0,0.0098,1379.6336
2017,Santa Barbara,12289173.06,0.0227,217.63,26949.94,10633028.06,0.0233,188.31,23318.04,456.0,0.0081,1101.8117
2017,Santa Clara,55615682.82,0.0411,483.79,34565.37,39894224.67,0.0423,347.03,24794.42,1609.0,0.014,2085.9618
2017,Santa Cruz,8526784.95,0.0216,213.47,34107.14,5974946.19,0.0211,149.58,23899.78,250.0,0.0063,892.4745
2017,Shasta,5826835.92,0.0138,132.54,27101.56,4701208.27,0.014,106.94,21866.08,215.0,0.0049,608.5117
2017,Sierra,,,,,,,,,0.0,,
2017,Siskiyou,1026630.99,0.0112,91.07,27016.61,897481.63,0.012,79.61,23617.94,38.0,0.0034,513.794
2017,Solano,19628165.8,0.051,565.18,32604.93,14363785.46,0.0515,413.6,23860.11,602.0,0.0173,2399.4932
2017,Sonoma,10986147.74,0.0206,225.4,32029.59,8218028.47,0.021,168.61,23959.27,343.0,0.007,987.8952
2017,Stanislaus,20554665.76,0.0476,522.12,28587.85,17780320.52,0.0515,451.64,24729.24,719.0,0.0183,2546.2812
2017,Sutter,3741288.25,0.0249,250.61,24613.74,3366383.46,0.0281,225.49,22147.26,152.0,0.0102,1226.0031
2017,Tehama,2508641.79,0.0201,187.1,26687.68,2179477.78,0.0221,162.55,23185.93,94.0,0.007,956.8168
2017,Trinity,,,,,,,,,0.0,,
2017,Tulare,18051665.01,0.0383,391.97,22341.17,18407750.07,0.0454,399.7,22781.87,808.0,0.0175,2462.8262
2017,Tuolumne,1567151.93,0.0116,113.98,25691.02,1343713.19,0.0132,97.73,22028.09,61.0,0.0044,570.3688
2017,Ventura,22680787.09,0.0232,269.13,26527.24,19427475.71,0.0235,230.52,22722.19,855.0,0.0101,1317.5993
2017,Yolo,4698359.55,0.0326,322.47,33321.7,3518468.75,0.0334,241.49,24953.68,141.0,0.0097,1334.3857
2017,Yuba,2267640.59,0.0207,220.69,23621.26,2025467.54,0.0234,197.13,21098.62,96.0,0.0093,1048.9538
2017,nan,,,,,,,,,0.0,,
2018,Alameda,53555003.58,0.041,511.01,36807.56,40440908.43,0.0435,385.88,27794.44,1455.0,0.0139,2020.7151
2018,Alpine,,,,,,,,,0.0,,
2018,Amador,828475.08,0.0102,103.04,29588.4,651848.53,0.0105,81.08,23280.3,28.0,0.0035,506.4677
2018,Butte,7266405.67,0.015,160.08,25496.16,6766669.54,0.0165,149.07,23742.7,285.0,0.0063,789.8134
2018,Calaveras,1467683.36,0.0138,139.46,28778.11,1255321.32,0.0153,119.28,24614.14,51.0,0.0048,687.8563
2018,Colusa,1031230.34,0.0359,340.0,30330.3,892122.66,0.0384,294.14,26238.9,34.0,0.0112,1617.5404
2018,Contra Costa,35892163.22,0.037,453.62,35820.52,26991179.29,0.0378,341.13,26937.3,1002.0,0.0127,1780.2184
2018,Del Norte,422730.23,0.0088,79.52,23485.01,369559.77,0.0095,69.52,20531.1,18.0,0.0034,450.5267
2018,El Dorado,3666105.73,0.0144,145.82,29328.85,2940323.04,0.0151,116.95,23522.58,125.0,0.005,624.2393
2018,Fresno,31665021.72,0.0371,406.18,26654.06,30487945.4,0.0413,391.08,25663.25,1188.0,0.0152,2147.169
2018,Glenn,1219120.18,0.0225,235.72,29026.67,1153004.13,0.0251,222.93,27452.48,42.0,0.0081,1236.4656
2018,Humboldt,3015272.51,0.0133,119.54,27164.62,2634255.8,0.0147,104.43,23732.03,111.0,0.0044,545.9087
2018,Imperial,13626274.41,0.0538,658.91,24865.46,14266528.96,0.0639,689.87,26033.81,548.0,0.0265,3655.8027
2018,Inyo,814518.79,0.017,196.03,27150.63,703000.48,0.0196,169.19,23433.35,30.0,0.0072,881.5884
2018,Kern,28897741.28,0.0388,468.23,28110.64,26495932.71,0.0416,429.31,25774.25,1028.0,0.0167,2253.6254
2018,Kings,5274172.74,0.0399,421.53,23545.41,5121263.78,0.0446,409.31,22862.78,224.0,0.0179,2367.0077
2018,Lake,3478947.65,0.0198,229.68,26761.14,3000517.35,0.0218,198.09,23080.9,130.0,0.0086,1017.4292
2018,Lassen,252002.83,0.0064,54.18,19384.83,256319.19,0.0076,55.11,19716.86,13.0,0.0028,426.7899
2018,Los Angeles,316561180.67,0.0354,551.27,28229.1,278993307.42,0.038,485.84,24879.02,11214.0,0.0195,2575.3025
2018,Madera,3857764.32,0.0288,280.73,22044.37,4183217.21,0.0358,304.41,23904.1,175.0,0.0127,1740.2125
2018,Marin,3799796.43,0.0118,128.18,36891.23,2843877.32,0.0121,95.93,27610.46,103.0,0.0035,449.2646
2018,Mariposa,248458.14,0.0063,60.82,22587.1,213452.79,0.0066,52.25,19404.8,11.0,0.0027,249.2044
2018,Mendocino,3430912.95,0.018,176.76,29324.04,2828692.28,0.0193,145.73,24176.86,117.0,0.006,812.0556
2018,Merced,12782301.15,0.0393,438.71,29520.33,11058515.17,0.043,379.55,25539.3,433.0,0.0149,1997.0826
2018,Modoc,,,,,,,,,0.0,,
2018,Mono,,,,,,,,,0.0,,
2018,Monterey,18456592.52,0.0311,342.02,34889.59,13698493.48,0.0317,253.85,25895.07,529.0,0.0098,1418.8611
2018,Napa,3186280.19,0.0179,205.67,30059.25,2549125.62,0.0186,164.54,24048.35,106.0,0.0068,842.5639
2018,Nevada,2255390.22,0.011,97.68,29290.78,1936672.45,0.0118,83.88,25151.59,77.0,0.0033,502.1006
2018,Orange,67496888.56,0.027,338.17,27730.85,60707743.9,0.0283,304.16,24941.55,2434.0,0.0122,1642.17
2018,Placer,6762588.1,0.018,186.44,33478.16,5227986.6,0.0177,144.13,25881.12,202.0,0.0056,789.3199
2018,Plumas,382408.16,0.0075,71.87,27314.87,366899.99,0.0085,68.95,26207.14,14.0,0.0026,494.8318
2018,Riverside,48000635.97,0.0324,392.17,27554.9,43905852.55,0.0347,358.72,25204.28,1742.0,0.0142,1940.3498
2018,Sacramento,54159028.6,0.0479,554.93,34717.33,41878159.02,0.0503,429.1,26844.97,1560.0,0.016,2216.7199
2018,San Benito,3361131.67,0.0445,500.39,40013.47,2510877.24,0.0464,373.81,29891.4,84.0,0.0125,2120.2918
2018,San Bernardino,53087737.87,0.0476,622.7,28465.27,48810261.38,0.053,572.53,26171.72,1865.0,0.0219,3127.3137
2018,San Diego,80261255.81,0.033,382.16,29573.05,71765915.47,0.0347,341.71,26442.86,2714.0,0.0129,1896.3056
2018,San Francisco,22476035.27,0.0273,329.01,33747.8,16658690.09,0.0308,243.85,25013.05,666.0,0.0097,1337.4272
2018,San Joaquin,28354822.57,0.0439,516.73,31159.15,23669049.46,0.0475,431.33,26009.94,910.0,0.0166,2184.3678
2018,San Luis Obispo,5804521.69,0.013,116.55,26384.19,4987621.56,0.013,100.14,22671.01,220.0,0.0044,625.9738
2018,San Mateo,17807207.2,0.0303,332.93,36565.11,13301728.94,0.0314,248.7,27313.61,487.0,0.0091,1383.5583
2018,Santa Barbara,13830179.77,0.0235,241.8,29055.0,11818712.64,0.0242,206.63,24829.23,476.0,0.0083,1141.0389
2018,Santa Clara,60429939.75,0.0432,523.25,38078.1,44762300.68,0.0453,387.59,28205.61,1587.0,0.0137,2044.5839
2018,Santa Cruz,10133108.49,0.0247,244.9,40210.75,7479358.34,0.025,180.77,29679.99,252.0,0.0061,877.9969
2018,Shasta,5830532.27,0.0135,131.89,29007.62,4767392.9,0.0136,107.84,23718.37,201.0,0.0045,589.9159
2018,Sierra,,,,,,,,,0.0,,
2018,Siskiyou,941541.95,0.0097,81.79,25447.08,836998.13,0.0106,72.71,22621.57,37.0,0.0032,426.3377
2018,Solano,21303907.18,0.0517,601.62,34195.68,16084910.91,0.0528,454.23,25818.48,623.0,0.0176,2427.6355
2018,Sonoma,12015634.32,0.0217,248.3,34827.93,9323329.87,0.0224,192.67,27024.14,345.0,0.0071,962.7823
2018,Stanislaus,23226554.1,0.0521,585.97,32214.36,20683794.73,0.0565,521.82,28687.65,721.0,0.0182,2586.4574
2018,Sutter,4332272.01,0.0254,285.22,26742.42,3832523.18,0.028,252.32,23657.55,162.0,0.0107,1245.77
2018,Tehama,2755442.92,0.0209,202.52,28702.53,2412411.91,0.0229,177.31,25129.29,96.0,0.0071,980.8908
2018,Trinity,,,,,,,,,0.0,,
2018,Tulare,18669644.57,0.0388,407.23,23632.46,18971786.92,0.0453,413.82,24014.92,790.0,0.0172,2337.085
2018,Tuolumne,1746845.66,0.0127,125.04,26874.55,1520208.87,0.0142,108.82,23387.83,65.0,0.0047,599.0694
2018,Ventura,23479174.86,0.0227,280.49,28356.49,20432512.8,0.0236,244.09,24676.95,828.0,0.0099,1297.1604
2018,Yolo,5074462.32,0.035,342.5,34756.59,3849013.81,0.0352,259.79,26363.11,146.0,0.0099,1384.8542
2018,Yuba,2739189.69,0.0226,263.54,26594.07,2404377.87,0.0248,231.32,23343.47,103.0,0.0099,1146.7193
2018,nan,,,,,,,,,0.0,,
2019,Alameda,55103292.98,0.0403,527.18,36613.48,40846714.54,0.0428,390.79,27140.67,1505.0,0.0144,2000.7175
2019,Alpine,,,,,,,,,0.0,,
2019,Amador,856651.88,0.0099,104.38,29539.72,673529.19,0.0104,82.07,23225.14,29.0,0.0035,534.5437
2019,Butte,6897740.47,0.0144,166.11,24634.79,6330229.58,0.0156,152.45,22607.96,280.0,0.0067,777.9838
2019,Calaveras,1298928.52,0.0106,113.33,24979.39,1109976.64,0.012,96.85,21345.7,52.0,0.0045,527.7899
2019,Colusa,1044368.27,0.0321,322.53,30716.71,916405.11,0.035,283.02,26953.09,34.0,0.0105,1355.4663
2019,Contra Costa,38279040.9,0.0372,475.79,37236.42,28430384.66,0.0381,353.38,27656.02,1028.0,0.0128,1776.6895
2019,Del Norte,499117.15,0.0088,85.66,26269.32,440496.21,0.0098,75.6,23184.01,19.0,0.0033,491.8483
2019,El Dorado,3986074.01,0.0143,154.9,32942.76,3162756.81,0.015,122.91,26138.49,121.0,0.0047,634.244
2019,Fresno,30671206.54,0.0347,394.68,26857.45,29793270.71,0.0388,383.38,26088.68,1142.0,0.0147,2075.5482
2019,Glenn,1355070.34,0.0225,259.99,28831.28,1247320.7,0.0246,239.32,26538.74,47.0,0.009,1333.0775
2019,Humboldt,3266063.41,0.0135,124.22,26771.01,2829827.37,0.0147,107.63,23195.31,122.0,0.0046,527.5749
2019,Imperial,14592825.64,0.0549,704.15,26775.83,14933156.72,0.0634,720.57,27400.29,545.0,0.0263,3737.5024
2019,Inyo,652401.39,0.013,160.45,22496.6,565190.94,0.015,139.0,19489.34,29.0,0.0071,792.9169
2019,Kern,28021835.22,0.0365,459.7,28077.99,25061325.61,0.0383,411.13,25111.55,998.0,0.0164,2216.3
2019,Kings,4986391.11,0.0365,403.66,23192.52,4820475.51,0.0405,390.23,22420.82,215.0,0.0174,2142.7184
2019,Lake,3260519.31,0.0172,214.55,27631.52,2824132.34,0.0193,185.83,23933.32,118.0,0.0078,923.9324
2019,Lassen,392784.36,0.0095,83.46,23104.96,398183.49,0.0113,84.61,23422.56,17.0,0.0036,580.9605
2019,Los Angeles,324591037.88,0.035,574.38,29446.71,282991034.57,0.0377,500.77,25672.78,11023.0,0.0195,2593.5546
2019,Madera,4109125.23,0.03,299.83,24314.35,4492768.59,0.0368,327.82,26584.43,169.0,0.0123,1828.5297
2019,Marin,4481909.44,0.0132,150.17,38637.15,3334575.9,0.0135,111.73,28746.34,116.0,0.0039,508.7114
2019,Mariposa,360488.74,0.0093,87.73,25749.2,302987.68,0.0095,73.74,21641.98,14.0,0.0034,337.3083
2019,Mendocino,3812104.25,0.0185,191.4,30016.57,3145317.09,0.0199,157.92,24766.28,127.0,0.0064,884.1693
2019,Merced,13183481.8,0.0389,447.82,29102.61,11164268.13,0.0418,379.23,24645.18,453.0,0.0154,2008.0166
2019,Modoc,,,,,,,,,0.0,,
2019,Mono,,,,,,,,,0.0,,
2019,Monterey,17235680.43,0.0273,319.32,34062.61,12254723.63,0.0274,227.04,24218.82,506.0,0.0094,1257.5541
2019,Napa,3508845.36,0.0185,224.39,31051.73,2717471.05,0.0191,173.78,24048.42,113.0,0.0072,878.941
2019,Nevada,2282261.35,0.0105,97.82,30430.15,1964093.11,0.0114,84.18,26187.91,75.0,0.0032,485.5563
2019,Orange,66784156.96,0.0251,330.2,28262.44,59498928.6,0.0262,294.18,25179.4,2363.0,0.0117,1576.0981
2019,Placer,7322616.98,0.0181,199.16,34217.84,5617456.15,0.0179,152.78,26249.8,214.0,0.0058,802.9537
2019,Plumas,427286.99,0.0077,76.06,23738.17,405965.0,0.0087,72.26,22553.61,18.0,0.0032,457.1022
2019,Riverside,50882906.97,0.0321,411.36,28458.0,46061170.05,0.0343,372.38,25761.28,1788.0,0.0145,2016.2742
2019,Sacramento,54775205.36,0.0473,568.73,35522.18,41904250.01,0.0492,435.09,27175.26,1542.0,0.016,2204.3878
2019,San Benito,3896584.08,0.0452,568.18,40589.42,2834515.38,0.0465,413.32,29526.2,96.0,0.014,2156.0222
2019,San Bernardino,53321344.86,0.0458,629.55,28468.42,48485155.11,0.0505,572.45,25886.36,1873.0,0.0221,3100.1216
2019,San Diego,83327927.76,0.0328,395.36,30567.84,73723193.06,0.0341,349.79,27044.46,2726.0,0.0129,1907.014
2019,San Francisco,23692864.65,0.0281,349.44,34238.24,17451944.38,0.032,257.4,25219.57,692.0,0.0102,1377.3635
2019,San Joaquin,29274269.64,0.0446,544.78,31854.48,24196865.52,0.0479,450.29,26329.56,919.0,0.0171,2226.6079
2019,San Luis Obispo,5988085.32,0.0123,118.36,26495.95,5085535.06,0.0123,100.52,22502.37,226.0,0.0045,635.2532
2019,San Mateo,18137087.85,0.0299,339.29,37550.91,13556128.41,0.0317,253.59,28066.52,483.0,0.009,1364.8795
2019,Santa Barbara,15597562.78,0.0246,266.87,31510.23,13119438.94,0.0254,224.47,26503.92,495.0,0.0085,1187.1439
2019,Santa Clara,62799199.72,0.0418,546.27,40127.28,45642790.76,0.0449,397.04,29164.72,1565.0,0.0136,2013.3352
2019,Santa Cruz,10698803.07,0.0244,265.13,40070.42,7811027.94,0.0249,193.57,29254.79,267.0,0.0066,928.2333
2019,Shasta,6542978.75,0.0142,147.47,28081.45,5360403.29,0.0143,120.82,23006.02,233.0,0.0053,650.1228
2019,Sierra,,,,,,,,,0.0,,
2019,Siskiyou,1167626.75,0.0108,93.52,27154.11,1021067.19,0.0116,81.78,23745.75,43.0,0.0034,474.5695
2019,Solano,21389165.67,0.0497,603.45,36069.42,15891491.85,0.0507,448.34,26798.47,593.0,0.0167,2385.0755
2019,Sonoma,12432272.57,0.0216,256.81,35520.78,9602099.55,0.0224,198.35,27434.57,350.0,0.0072,945.3006
2019,Stanislaus,23046113.7,0.05,592.84,32277.47,20442832.16,0.0539,525.87,28631.42,714.0,0.0184,2514.3541
2019,Sutter,4543557.05,0.0252,292.06,28939.85,4043693.83,0.028,259.93,25756.01,157.0,0.0101,1271.2605
2019,Tehama,2765671.92,0.0195,197.82,27114.43,2425594.17,0.0213,173.49,23780.34,102.0,0.0073,937.9157
2019,Trinity,,,,,,,,,0.0,,
2019,Tulare,19306531.36,0.0388,427.8,24531.81,19402781.36,0.0449,429.93,24654.11,787.0,0.0174,2371.8591
2019,Tuolumne,1664540.54,0.0116,117.93,27742.34,1463794.47,0.0133,103.7,24396.57,60.0,0.0043,550.9033
2019,Ventura,23641381.82,0.0217,281.16,28415.12,20468837.98,0.0228,243.43,24601.97,832.0,0.0099,1276.2886
2019,Yolo,5410961.9,0.0343,363.4,34246.59,4068937.96,0.0346,273.27,25752.77,158.0,0.0106,1435.3257
2019,Yuba,3211950.16,0.0254,302.07,27689.23,2850049.61,0.0283,268.04,24569.39,116.0,0.0109,1283.9274
2019,nan,,,,,,,,,0.0,,
2020,Alameda,55390758.79,0.0432,543.43,38016.99,39593454.04,0.0455,388.45,27174.64,1457.0,0.0143,2024.7626
2020,Alpine,,,,,,,,,0.0,,
2020,Amador,719198.55,0.0081,87.62,24799.95,553696.01,0.0085,67.46,19092.97,29.0,0.0035,494.3957
2020,Butte,7199495.61,0.0157,180.0,25261.39,6590684.87,0.0171,164.78,23125.21,285.0,0.0071,847.1385
2020,Calaveras,1482928.01,0.0126,128.65,32237.57,1216511.22,0.0137,105.54,26445.9,46.0,0.004,570.8337
2020,Colusa,1420969.07,0.0372,431.12,31577.09,1184114.96,0.0409,359.26,26313.67,45.0,0.0137,1804.915
2020,Contra Costa,38680911.9,0.038,481.44,37590.78,27643149.38,0.0383,344.06,26864.09,1029.0,0.0128,1784.3923
2020,Del Norte,649651.28,0.0119,110.22,29529.6,561156.44,0.0131,95.21,25507.11,22.0,0.0037,486.2572
2020,El Dorado,3651478.04,0.0138,142.68,30177.5,2848835.99,0.0143,111.32,23544.1,121.0,0.0047,591.1222
2020,Fresno,30498783.27,0.0348,398.05,26659.78,28262711.17,0.0376,368.87,24705.17,1144.0,0.0149,2045.7974
2020,Glenn,1527411.59,0.0249,290.66,27275.21,1407187.66,0.0276,267.78,25128.35,56.0,0.0107,1550.9039
2020,Humboldt,3444145.36,0.0152,128.91,30479.16,2897759.08,0.0162,108.46,25643.89,113.0,0.0042,544.5767
2020,Imperial,14260965.06,0.051,704.84,24844.89,14637275.55,0.0608,723.44,25500.48,574.0,0.0284,3948.5494
2020,Inyo,822796.37,0.0167,209.63,28372.29,702584.7,0.0188,179.0,24227.06,29.0,0.0074,1012.7389
2020,Kern,26636394.51,0.0353,438.34,28127.13,23504694.77,0.0369,386.81,24820.16,947.0,0.0156,2133.8742
2020,Kings,4489087.97,0.0353,373.38,24530.54,4329118.34,0.0398,360.07,23656.38,183.0,0.0152,1991.4331
2020,Lake,2931922.41,0.0165,192.98,28191.56,2458159.28,0.0187,161.8,23636.15,104.0,0.0068,875.6664
2020,Lassen,487650.14,0.0118,102.97,30478.13,481928.25,0.014,101.76,30120.52,16.0,0.0034,725.0845
2020,Los Angeles,318885518.22,0.035,563.15,29244.82,272913367.89,0.0375,481.96,25028.74,10904.0,0.0193,2557.1428
2020,Madera,3975384.44,0.0295,296.43,23384.61,4282885.44,0.0361,319.36,25193.44,170.0,0.0127,1796.5103
2020,Marin,4214939.53,0.0131,141.92,37972.43,3032982.18,0.0132,102.12,27324.16,111.0,0.0037,498.0471
2020,Mariposa,507170.38,0.0123,122.0,26693.18,426060.1,0.0127,102.49,22424.22,19.0,0.0046,494.3469
2020,Mendocino,3876569.65,0.0194,194.59,28715.33,3127525.67,0.0209,156.99,23166.86,135.0,0.0068,890.774
2020,Merced,13279208.75,0.0393,454.47,30667.92,11079694.14,0.0422,379.19,25588.21,433.0,0.0148,2050.5835
2020,Modoc,,,,,,,,,0.0,,
2020,Mono,,,,,,,,,0.0,,
2020,Monterey,17654786.5,0.0287,325.66,35666.24,12445245.81,0.0288,229.57,25141.91,495.0,0.0091,1292.1493
2020,Napa,3867325.54,0.0222,252.87,31961.37,2891481.26,0.0226,189.06,23896.54,121.0,0.0079,996.9923
2020,Nevada,2051732.89,0.0096,88.05,30172.54,1732849.05,0.0104,74.36,25483.07,68.0,0.0029,438.0311
2020,Orange,66346125.3,0.0258,326.5,28184.42,58094899.9,0.0268,285.89,24679.23,2354.0,0.0116,1571.2064
2020,Placer,7981485.38,0.02,219.04,36612.32,5922083.38,0.0194,162.52,27165.52,218.0,0.006,877.2161
2020,Plumas,409939.18,0.008,72.01,22774.4,396169.05,0.0093,69.59,22009.39,18.0,0.0032,448.9724
2020,Riverside,51498510.6,0.0328,411.8,27957.93,45878859.98,0.0349,366.86,24907.09,1842.0,0.0147,2042.2207
2020,Sacramento,55434473.89,0.0476,587.63,36882.55,41037390.83,0.0487,435.01,27303.65,1503.0,0.0159,2256.9645
2020,San Benito,4165362.87,0.0488,602.11,41653.63,2891926.69,0.0484,418.03,28919.27,100.0,0.0145,2252.8187
2020,San Bernardino,52900611.09,0.0472,628.39,28594.92,47290983.04,0.0513,561.76,25562.69,1850.0,0.022,3142.5211
2020,San Diego,79892146.14,0.0324,379.93,30285.12,69983109.11,0.0338,332.81,26528.85,2638.0,0.0125,1883.327
2020,San Francisco,24215904.47,0.0293,362.47,35559.33,17099749.47,0.033,255.95,25109.76,681.0,0.0102,1409.1875
2020,San Joaquin,30104777.57,0.0476,583.13,33082.17,24033111.97,0.0506,465.52,26410.01,910.0,0.0176,2391.3919
2020,San Luis Obispo,6017596.3,0.0128,119.05,26163.46,5045033.99,0.0128,99.81,21934.93,230.0,0.0046,643.1369
2020,San Mateo,18576995.54,0.0324,354.18,37153.99,13226663.77,0.0333,252.18,26453.33,500.0,0.0095,1458.265
2020,Santa Barbara,16207353.23,0.0259,274.04,32350.01,13170799.53,0.0264,222.7,26289.02,501.0,0.0085,1195.3434
2020,Santa Clara,63215778.78,0.0452,562.73,41344.53,43920880.1,0.0472,390.97,28725.23,1529.0,0.0136,2044.6425
2020,Santa Cruz,10079435.49,0.0238,254.65,39372.79,7202118.77,0.0241,181.96,28133.28,256.0,0.0065,902.8574
2020,Shasta,6803794.43,0.0158,159.57,28829.64,5561243.35,0.0159,130.43,23564.59,236.0,0.0055,691.4724
2020,Sierra,,,,,,,,,0.0,,
2020,Siskiyou,1109999.02,0.0104,87.78,25813.93,957839.45,0.0111,75.75,22275.34,43.0,0.0034,447.6868
2020,Solano,22585647.23,0.0538,654.35,37025.65,15693844.95,0.0531,454.68,25727.61,610.0,0.0177,2509.9374
2020,Sonoma,12452957.69,0.0222,260.17,35681.83,9224048.14,0.0228,192.71,26429.94,349.0,0.0073,960.0334
2020,Stanislaus,22241466.69,0.0503,585.66,33648.21,19133959.64,0.0539,503.83,28946.99,661.0,0.0174,2457.4611
2020,Sutter,4452397.76,0.0256,294.04,28359.22,3796895.04,0.0279,250.75,24184.04,157.0,0.0104,1268.4586
2020,Tehama,2861459.64,0.0209,213.35,29806.87,2484168.5,0.0229,185.22,25876.76,96.0,0.0072,999.7018
2020,Trinity,278633.81,0.0104,84.69,25330.35,226143.7,0.0108,68.74,20558.52,11.0,0.0033,340.1216
2020,Tulare,17930162.37,0.0374,407.58,23843.3,17994776.11,0.0433,409.05,23929.22,752.0,0.0171,2286.0065
2020,Tuolumne,1821264.46,0.0125,128.23,29375.23,1566533.78,0.0141,110.3,25266.67,62.0,0.0044,599.7325
2020,Ventura,24387312.33,0.023,288.56,30408.12,20532565.61,0.0238,242.95,25601.7,802.0,0.0095,1329.8625
2020,Yolo,6335836.14,0.0401,433.16,35795.68,4593736.95,0.0395,314.06,25953.32,177.0,0.0121,1658.3031
2020,Yuba,3024187.1,0.0247,296.31,27001.67,2587728.17,0.0272,253.55,23104.72,112.0,0.011,1284.0486
2020,nan,,,,,,,,,0.0,,
2021,Alameda,47786545.76,0.0346,488.18,36872.33,33354991.42,0.0354,340.75,25736.88,1296.0,0.0132,1798.0549
2021,Alpine,,,,,,,,,0.0,,
2021,Amador,829942.36,0.0087,102.4,28618.7,621947.5,0.0089,76.74,21446.47,29.0,0.0036,555.583
2021,Butte,6756136.09,0.0141,175.27,27463.97,6164665.01,0.0154,159.93,25059.61,246.0,0.0064,814.222
2021,Calaveras,1226693.84,0.01,106.32,28527.76,966778.04,0.0105,83.79,22483.21,43.0,0.0037,527.9945
2021,Colusa,1533013.95,0.0372,453.55,33326.39,1217085.24,0.0386,360.08,26458.37,46.0,0.0136,1811.5385
2021,Contra Costa,34049717.02,0.0307,428.55,37091.2,23766125.79,0.0301,299.12,25889.03,918.0,0.0116,1561.3004
2021,Del Norte,830872.89,0.0146,139.46,27695.76,696350.56,0.0157,116.88,23211.69,30.0,0.005,559.9194
2021,El Dorado,3033363.45,0.0109,119.88,30333.63,2324737.71,0.0111,91.87,23247.38,100.0,0.004,488.2232
2021,Fresno,26053667.11,0.0283,349.54,25443.03,24591262.31,0.0313,329.92,24014.9,1024.0,0.0137,1795.0576
2021,Glenn,1804901.34,0.0261,343.73,31118.99,1653664.59,0.0292,314.92,28511.46,58.0,0.011,1620.0724
2021,Humboldt,3870674.14,0.0155,143.02,29323.29,3194368.8,0.0162,118.03,24199.76,132.0,0.0049,602.0766
2021,Imperial,12980924.87,0.0462,671.4,25654.0,13184299.86,0.0539,681.92,26055.93,506.0,0.0262,3581.0489
2021,Inyo,726182.3,0.0151,187.16,27930.09,614395.68,0.0167,158.35,23630.6,26.0,0.0067,902.3196
2021,Kern,23934425.39,0.0303,403.58,28801.96,21231897.8,0.0319,358.01,25549.82,831.0,0.014,1932.5689
2021,Kings,3797124.09,0.0278,328.73,24981.08,3582685.84,0.0309,310.16,23570.3,152.0,0.0132,1628.7767
2021,Lake,2973965.94,0.0155,207.88,33044.07,2416744.51,0.017,168.93,26852.72,90.0,0.0063,941.8426
2021,Lassen,464135.42,0.0099,97.43,23206.77,449104.09,0.0115,94.27,22455.2,20.0,0.0042,638.1192
2021,Los Angeles,278439678.81,0.0294,502.75,29098.1,234905132.12,0.0312,424.15,24548.56,9569.0,0.0173,2282.7
2021,Madera,3174965.46,0.0231,247.0,22678.32,3468733.52,0.0289,269.86,24776.67,140.0,0.0109,1485.1408
2021,Marin,3256121.71,0.009,112.27,37001.38,2251678.52,0.0087,77.64,25587.26,88.0,0.003,405.3719
2021,Mariposa,594890.38,0.0126,141.74,31310.02,484736.85,0.0129,115.5,25512.47,19.0,0.0045,531.0936
2021,Mendocino,4051150.98,0.0179,206.71,31649.62,3214155.95,0.0193,164.0,25110.59,128.0,0.0065,919.0223
2021,Merced,12086330.13,0.0344,426.31,29550.93,10026109.59,0.0366,353.64,24513.72,409.0,0.0144,1937.0393
2021,Modoc,,,,,,,,,0.0,,
2021,Mono,,,,,,,,,0.0,,
2021,Monterey,17049088.84,0.0248,312.19,36902.79,11826452.41,0.0246,216.55,25598.38,462.0,0.0085,1176.6278
2021,Napa,3784723.33,0.019,254.3,31804.4,2800973.48,0.0193,188.2,23537.59,119.0,0.008,965.0608
2021,Nevada,2033970.22,0.0088,88.92,31291.85,1682192.45,0.0095,73.54,25879.88,65.0,0.0028,405.2199
2021,Orange,62536067.74,0.0223,308.42,28464.3,54148489.91,0.0229,267.06,24646.56,2197.0,0.0108,1458.2067
2021,Placer,6827845.91,0.0153,189.38,33969.38,4966142.4,0.0147,137.74,24707.18,201.0,0.0056,725.9389
2021,Plumas,489003.53,0.0082,85.07,27166.86,458990.4,0.0095,79.85,25499.47,18.0,0.0031,578.81
2021,Riverside,45658912.67,0.0274,370.04,27908.87,40378872.59,0.0292,327.25,24681.46,1636.0,0.0133,1817.9431
2021,Sacramento,47759398.12,0.0404,528.54,37487.75,34595144.46,0.0403,382.85,27154.74,1274.0,0.0141,1977.2579
2021,San Benito,3389146.99,0.0333,491.04,41331.06,2302597.82,0.0331,333.61,28080.46,82.0,0.0119,1886.2649
2021,San Bernardino,46045716.93,0.0405,565.63,28266.25,40851324.44,0.044,501.82,25077.55,1629.0,0.02,2836.5722
2021,San Diego,70481976.23,0.0265,339.22,30697.72,60384722.67,0.0274,290.62,26299.97,2296.0,0.0111,1639.2509
2021,San Francisco,22860199.63,0.0242,350.44,35663.34,15511621.59,0.0265,237.79,24199.1,641.0,0.0098,1328.4124
2021,San Joaquin,25730057.01,0.0413,526.68,33114.62,19849967.23,0.0426,406.32,25546.93,777.0,0.0159,2109.3485
2021,San Luis Obispo,5728201.81,0.0111,113.39,27147.88,4731927.33,0.0111,93.67,22426.2,211.0,0.0042,569.3501
2021,San Mateo,17219054.36,0.0268,337.29,37110.03,11728437.23,0.0265,229.74,25276.8,464.0,0.0091,1411.8039
2021,Santa Barbara,15376778.74,0.022,261.3,31835.98,12299618.01,0.0224,209.01,25465.05,483.0,0.0082,1125.5098
2021,Santa Clara,53019588.57,0.035,483.84,39361.24,36040135.04,0.0352,328.89,26755.85,1347.0,0.0123,1827.7895
2021,Santa Cruz,9558446.48,0.0204,245.06,38081.46,6438425.37,0.0195,165.07,25651.1,251.0,0.0064,866.5812
2021,Shasta,6339550.08,0.0141,153.62,29486.28,5174474.87,0.0143,125.39,24067.32,215.0,0.0052,675.3417
2021,Sierra,,,,,,,,,0.0,,
2021,Siskiyou,1330474.71,0.0113,104.63,27152.55,1159410.46,0.0125,91.18,23661.44,49.0,0.0039,546.6342
2021,Solano,18377789.7,0.0423,553.58,36755.58,12841610.51,0.0417,386.82,25683.22,500.0,0.0151,2175.9443
2021,Sonoma,11024531.92,0.0186,237.1,36146.01,7921448.37,0.0185,170.36,25971.96,305.0,0.0066,893.1974
2021,Stanislaus,18146780.39,0.0387,499.07,30396.62,15151888.97,0.041,416.71,25380.05,597.0,0.0164,2141.0577
2021,Sutter,4168463.61,0.0205,281.03,27789.76,3461841.84,0.0218,233.39,23078.95,150.0,0.0101,1169.7566
2021,Tehama,2792944.27,0.0201,219.64,33249.34,2390254.6,0.0219,187.97,28455.41,84.0,0.0066,967.8358
2021,Trinity,,,,,,,,,0.0,,
2021,Tulare,15534882.94,0.0304,365.19,23221.05,15677714.68,0.0359,368.55,23434.55,669.0,0.0157,2018.7828
2021,Tuolumne,1570895.87,0.0099,109.95,26181.6,1322059.84,0.011,92.54,22034.33,60.0,0.0042,554.2101
2021,Ventura,22654407.69,0.0194,271.89,29231.49,18979581.35,0.0201,227.79,24489.78,775.0,0.0093,1240.1075
2021,Yolo,6385331.79,0.0385,448.25,38465.85,4586020.23,0.0376,321.94,27626.63,166.0,0.0117,1635.451
2021,Yuba,2832011.24,0.022,289.48,25981.75,2338549.8,0.0231,239.04,21454.59,109.0,0.0111,1244.8124
2021,nan,,,,,,,,,0.0,,
2022,Alameda,43321982.92,0.0304,456.58,37508.21,30277551.57,0.0311,319.1,26214.33,1155.0,0.0122,1681.1159
2022,Alpine,,,,,,,,,0.0,,
2022,Amador,818594.02,0.0086,103.88,31484.39,616926.94,0.0087,78.29,23727.96,26.0,0.0033,579.6954
2022,Butte,6741305.87,0.0137,179.82,28932.64,6144920.67,0.0149,163.91,26373.05,233.0,0.0062,810.6428
2022,Calaveras,1055995.46,0.008,90.68,30171.3,850497.92,0.0084,73.04,24299.94,35.0,0.003,430.5711
2022,Colusa,1508827.38,0.035,439.38,34291.53,1216715.41,0.0369,354.31,27652.62,44.0,0.0128,1723.0635
2022,Contra Costa,31501691.38,0.027,401.81,37862.61,22049324.89,0.0267,281.24,26501.59,832.0,0.0106,1441.9133
2022,Del Norte,697296.75,0.0105,115.64,31695.31,592040.07,0.0115,98.18,26910.91,22.0,0.0036,501.8242
2022,El Dorado,2805117.95,0.0094,112.74,31167.98,2165439.96,0.0097,87.03,24060.44,90.0,0.0036,441.7025
2022,Fresno,24205398.48,0.0256,337.13,25723.06,23150198.37,0.0285,322.43,24601.7,941.0,0.0131,1707.6004
2022,Glenn,1684817.83,0.0237,325.0,28080.3,1557450.76,0.0264,300.43,25957.51,60.0,0.0116,1624.8071
2022,Humboldt,3462488.34,0.0129,130.97,29593.92,2907017.54,0.014,109.96,24846.3,117.0,0.0044,573.1901
2022,Imperial,12770714.56,0.047,690.12,26716.98,12982476.14,0.0544,701.57,27159.99,478.0,0.0258,3656.3091
2022,Inyo,752834.23,0.0139,191.32,32731.92,660209.5,0.0159,167.78,28704.76,23.0,0.0058,904.4473
2022,Kern,23431151.15,0.0289,403.1,28230.3,20920052.0,0.0306,359.9,25204.88,830.0,0.0143,1923.5824
2022,Kings,4245622.67,0.0308,384.71,25271.56,4105366.99,0.0345,372.0,24436.71,168.0,0.0152,1912.4683
2022,Lake,2702058.5,0.0137,196.48,30022.87,2208990.58,0.0156,160.63,24544.34,90.0,0.0065,868.7464
2022,Lassen,453591.09,0.009,95.75,22679.55,457134.06,0.011,96.5,22856.7,20.0,0.0042,548.8706
2022,Los Angeles,265026122.09,0.0269,484.17,29535.95,226740191.84,0.0285,414.23,25269.16,8973.0,0.0164,2181.7567
2022,Madera,3075373.94,0.0215,248.74,22613.04,3351282.91,0.0269,271.05,24641.79,136.0,0.011,1484.7946
2022,Marin,2817635.38,0.0072,98.1,37568.47,1586865.15,0.0058,55.25,21158.2,75.0,0.0026,342.8959
2022,Mariposa,673428.12,0.013,161.34,35443.59,561885.77,0.0137,134.62,29572.94,19.0,0.0046,587.4461
2022,Mendocino,4060851.89,0.0175,210.58,35007.34,3247761.14,0.0188,168.42,27997.94,116.0,0.006,915.9407
2022,Merced,12175973.77,0.0338,443.42,30516.22,10205189.51,0.0366,371.65,25576.92,399.0,0.0145,2056.4478
2022,Modoc,,,,,,,,,0.0,,
2022,Mono,,,,,,,,,0.0,,
2022,Monterey,15688000.13,0.0208,285.26,36654.21,11001749.88,0.021,200.05,25705.02,428.0,0.0078,1069.7323
2022,Napa,4030863.27,0.0203,279.26,33590.53,3041074.68,0.0208,210.69,25342.29,120.0,0.0083,1084.9383
2022,Nevada,2057315.32,0.0085,90.7,31171.44,1699881.31,0.0089,74.94,25755.78,66.0,0.0029,410.9867
2022,Orange,58575716.58,0.0199,288.88,28573.52,51093282.78,0.0206,251.98,24923.55,2050.0,0.0101,1354.7488
2022,Placer,6268898.38,0.0137,175.77,35218.53,4574386.93,0.0131,128.26,25698.8,178.0,0.005,655.0496
2022,Plumas,388886.1,0.0062,67.8,24305.38,370146.43,0.0071,64.53,23134.15,16.0,0.0028,501.046
2022,Riverside,44725234.19,0.0255,365.98,28487.41,39500410.88,0.0271,323.22,25159.5,1570.0,0.0128,1734.8046
2022,Sacramento,44731813.05,0.0367,513.54,37463.83,32611023.77,0.0371,374.39,27312.42,1194.0,0.0137,1896.8819
2022,San Benito,2976069.48,0.0286,432.19,41916.47,2028585.23,0.028,294.6,28571.62,71.0,0.0103,1637.5254
2022,San Bernardino,44952771.39,0.0387,565.95,28983.09,39829595.36,0.0418,501.45,25679.95,1551.0,0.0195,2753.138
2022,San Diego,62628297.55,0.0225,304.38,30730.27,53645664.08,0.0231,260.72,26322.7,2038.0,0.0099,1426.3837
2022,San Francisco,20700936.86,0.0212,322.86,35446.81,14336691.09,0.0234,223.6,24549.13,584.0,0.0091,1217.7548
2022,San Joaquin,23998370.24,0.038,515.92,33423.91,18718016.35,0.0397,402.4,26069.66,718.0,0.0154,2020.0361
2022,San Luis Obispo,5108067.66,0.0093,100.65,25668.68,4260786.87,0.0094,83.96,21410.99,199.0,0.0039,497.8817
2022,San Mateo,16044884.47,0.0235,315.4,37575.84,11111603.16,0.0236,218.43,26022.49,427.0,0.0084,1294.6276
2022,Santa Barbara,14412113.43,0.0198,245.1,33284.33,11514097.31,0.02,195.82,26591.45,433.0,0.0074,1046.5306
2022,Santa Clara,47896144.27,0.0291,440.03,38688.32,32687566.17,0.0296,300.3,26403.53,1238.0,0.0114,1642.8781
2022,Santa Cruz,8626759.53,0.0178,225.04,36554.07,5904756.01,0.0173,154.03,25020.15,236.0,0.0062,794.7253
2022,Shasta,5529385.23,0.0121,138.75,29256.01,4564619.84,0.0123,114.55,24151.43,189.0,0.0047,600.5521
2022,Sierra,,,,,,,,,0.0,,
2022,Siskiyou,1411608.48,0.0115,111.87,27146.32,1238104.26,0.0127,98.12,23809.7,52.0,0.0041,603.0274
2022,Solano,16738344.76,0.0394,522.94,36868.6,11821706.86,0.0394,369.34,26039.0,454.0,0.0142,2057.5481
2022,Sonoma,10972593.41,0.0169,238.87,37069.57,7744000.57,0.0167,168.58,26162.16,296.0,0.0064,907.9807
2022,Stanislaus,17198484.88,0.0371,499.06,32821.54,14496227.87,0.0396,420.64,27664.56,524.0,0.0152,2096.6572
2022,Sutter,3396920.59,0.0182,239.61,29283.8,2882247.08,0.0198,203.3,24846.96,116.0,0.0082,1015.6592
2022,Tehama,2430321.66,0.0175,198.83,31157.97,2084558.18,0.0188,170.54,26725.1,78.0,0.0064,820.9114
2022,Trinity,408129.66,0.0115,125.62,27208.64,336034.34,0.0122,103.43,22402.29,15.0,0.0046,606.0326
2022,Tulare,15177343.43,0.0299,370.65,24638.54,15208815.36,0.0347,371.42,24689.64,616.0,0.015,1976.2626
2022,Tuolumne,1664800.5,0.0097,116.44,28703.46,1415792.21,0.0108,99.03,24410.21,58.0,0.0041,548.2968
2022,Ventura,21729149.0,0.0179,262.32,29443.29,18013972.82,0.0183,217.47,24409.18,738.0,0.0089,1178.552
2022,Yolo,5950381.05,0.0336,427.22,37900.52,4299935.53,0.0332,308.73,27388.12,157.0,0.0113,1546.8122
2022,Yuba,3104998.74,0.0242,325.37,29571.42,2607323.16,0.0263,273.22,24831.65,105.0,0.011,1376.6111
2022,nan,,,,,,,,,0.0,,
