,county name,eligible 2018,total registered 2018,democratic 2018,republican 2018,american independent 2018,green 2018,libertarian 2018,peace and freedom 2018,unknown 2018,other 2018,no party preference 2018,eligible 2020,total registered 2020,democratic 2020,republican 2020,american independent 2020,green 2020,libertarian 2020,peace and freedom 2020,unknown 2020,other 2020,no party preference 2020,eligible 2022,total registered 2022,democratic 2022,republican 2022,american independent 2022,green 2022,libertarian 2022,peace and freedom 2022,unknown 2022,other 2022,no party preference 2022
0,Alameda,1089154,881491,0.5566511739768188,0.11046851300807382,0.018619588855700173,0.007601892702251072,0.005286497536560214,0.003049378836539454,3.4033245943520694e-05,0.006645558491238141,0.2916433633468748,1089154,881491,0.5566511739768188,0.11046851300807382,0.018619588855700173,0.007601892702251072,0.005286497536560214,0.003049378836539454,3.4033245943520694e-05,0.006645558491238141,0.2916433633468748,1089154,881491,0.5566511739768188,0.11046851300807382,0.018619588855700173,0.007601892702251072,0.005286497536560214,0.003049378836539454,3.4033245943520694e-05,0.006645558491238141,0.2916433633468748
1,Alpine,939,758,0.41160949868073876,0.2704485488126649,0.032981530343007916,0.006596306068601583,0.0079155672823219,0.002638522427440633,0.0,0.00395778364116095,0.2638522427440633,939,758,0.41160949868073876,0.2704485488126649,0.032981530343007916,0.006596306068601583,0.0079155672823219,0.002638522427440633,0.0,0.00395778364116095,0.2638522427440633,939,758,0.41160949868073876,0.2704485488126649,0.032981530343007916,0.006596306068601583,0.0079155672823219,0.002638522427440633,0.0,0.00395778364116095,0.2638522427440633
2,Amador,27117,22305,0.2879623402824479,0.4399013674064111,0.042232683254875586,0.004572965702757229,0.01322573414032728,0.0027348128222371665,0.00026899798251513114,0.0022864828513786146,0.20681461555705,27117,22305,0.2879623402824479,0.4399013674064111,0.042232683254875586,0.004572965702757229,0.01322573414032728,0.0027348128222371665,0.00026899798251513114,0.0022864828513786146,0.20681461555705,27117,22305,0.2879623402824479,0.4399013674064111,0.042232683254875586,0.004572965702757229,0.01322573414032728,0.0027348128222371665,0.00026899798251513114,0.0022864828513786146,0.20681461555705
3,Butte,171771,122741,0.34905206899080177,0.34181732265502157,0.034552431542842245,0.007625813705281853,0.011259481346901199,0.003120391719148451,0.0026234102704067916,0.009752242526946986,0.24019683724264915,171771,122741,0.34905206899080177,0.34181732265502157,0.034552431542842245,0.007625813705281853,0.011259481346901199,0.003120391719148451,0.0026234102704067916,0.009752242526946986,0.24019683724264915,171771,122741,0.34905206899080177,0.34181732265502157,0.034552431542842245,0.007625813705281853,0.011259481346901199,0.003120391719148451,0.0026234102704067916,0.009752242526946986,0.24019683724264915
4,Calaveras,36101,29591,0.27369808387685446,0.414450339630293,0.045453009360954345,0.00635328309283228,0.01510594437497888,0.00317664154641614,0.002940083133385151,0.007907809807035922,0.23091480517724983,36101,29591,0.27369808387685446,0.414450339630293,0.045453009360954345,0.00635328309283228,0.01510594437497888,0.00317664154641614,0.002940083133385151,0.007907809807035922,0.23091480517724983,36101,29591,0.27369808387685446,0.414450339630293,0.045453009360954345,0.00635328309283228,0.01510594437497888,0.00317664154641614,0.002940083133385151,0.007907809807035922,0.23091480517724983
5,Colusa,12552,8792,0.3119881710646042,0.3939945404913558,0.02888989990900819,0.0022747952684258415,0.008075523202911737,0.0023885350318471337,0.0,0.0006824385805277526,0.25170609645131936,12552,8792,0.3119881710646042,0.3939945404913558,0.02888989990900819,0.0022747952684258415,0.008075523202911737,0.0023885350318471337,0.0,0.0006824385805277526,0.25170609645131936,12552,8792,0.3119881710646042,0.3939945404913558,0.02888989990900819,0.0022747952684258415,0.008075523202911737,0.0023885350318471337,0.0,0.0006824385805277526,0.25170609645131936
6,Contra Costa,759693,621309,0.48863126077362473,0.19865316613794423,0.025843823282778778,0.004738382994612987,0.0067454358459317345,0.002613836271484881,0.0018267882808715148,0.00160628608309231,0.26934102032965884,759693,621309,0.48863126077362473,0.19865316613794423,0.025843823282778778,0.004738382994612987,0.0067454358459317345,0.002613836271484881,0.0018267882808715148,0.00160628608309231,0.26934102032965884,759693,621309,0.48863126077362473,0.19865316613794423,0.025843823282778778,0.004738382994612987,0.0067454358459317345,0.002613836271484881,0.0018267882808715148,0.00160628608309231,0.26934102032965884
7,Del Norte,18039,14150,0.30487632508833923,0.35597173144876326,0.04438162544169611,0.007491166077738516,0.01060070671378092,0.005865724381625441,7.06713780918728e-05,0.008197879858657244,0.26254416961130744,18039,14150,0.30487632508833923,0.35597173144876326,0.04438162544169611,0.007491166077738516,0.01060070671378092,0.005865724381625441,7.06713780918728e-05,0.008197879858657244,0.26254416961130744,18039,14150,0.30487632508833923,0.35597173144876326,0.04438162544169611,0.007491166077738516,0.01060070671378092,0.005865724381625441,7.06713780918728e-05,0.008197879858657244,0.26254416961130744
8,El Dorado,141268,121192,0.287452967192554,0.4023780447554294,0.03981285893458314,0.005577925935705327,0.01406858538517394,0.002483662287939798,0.0006683609479173543,0.0076325169978216385,0.23992507756287543,141268,121192,0.287452967192554,0.4023780447554294,0.03981285893458314,0.005577925935705327,0.01406858538517394,0.002483662287939798,0.0006683609479173543,0.0076325169978216385,0.23992507756287543,141268,121192,0.287452967192554,0.4023780447554294,0.03981285893458314,0.005577925935705327,0.01406858538517394,0.002483662287939798,0.0006683609479173543,0.0076325169978216385,0.23992507756287543
9,Fresno,597497,456891,0.37854761857861063,0.33234184958775725,0.02774841264108945,0.0031911331149004907,0.006839705750386854,0.0034472116981949744,8.973693944507552e-05,0.009374227113250207,0.23842010457636503,597497,456891,0.37854761857861063,0.33234184958775725,0.02774841264108945,0.0031911331149004907,0.006839705750386854,0.0034472116981949744,8.973693944507552e-05,0.009374227113250207,0.23842010457636503,597497,456891,0.37854761857861063,0.33234184958775725,0.02774841264108945,0.0031911331149004907,0.006839705750386854,0.0034472116981949744,8.973693944507552e-05,0.009374227113250207,0.23842010457636503
10,Glenn,18520,12730,0.28059701492537314,0.42309505106048706,0.03809897879025923,0.0027494108405341712,0.010290652003142184,0.0029065200314218383,0.0,0.0018853102906520032,0.2403770620581304,18520,12730,0.28059701492537314,0.42309505106048706,0.03809897879025923,0.0027494108405341712,0.010290652003142184,0.0029065200314218383,0.0,0.0018853102906520032,0.2403770620581304,18520,12730,0.28059701492537314,0.42309505106048706,0.03809897879025923,0.0027494108405341712,0.010290652003142184,0.0029065200314218383,0.0,0.0018853102906520032,0.2403770620581304
11,Humboldt,105521,78518,0.4385109146947197,0.22770574900022925,0.03181436103823327,0.023625156015181233,0.01049440892534196,0.004546728138770727,0.0024325632339081485,0.003018416159351996,0.2578517027942637,105521,78518,0.4385109146947197,0.22770574900022925,0.03181436103823327,0.023625156015181233,0.01049440892534196,0.004546728138770727,0.0024325632339081485,0.003018416159351996,0.2578517027942637,105521,78518,0.4385109146947197,0.22770574900022925,0.03181436103823327,0.023625156015181233,0.01049440892534196,0.004546728138770727,0.0024325632339081485,0.003018416159351996,0.2578517027942637
12,Imperial,101197,69728,0.47533272143184946,0.1838716154199174,0.02225791647544745,0.002351996328591097,0.005349357503441946,0.005248967416245984,0.005550137677833869,0.005722234970169803,0.294315052776503,101197,69728,0.47533272143184946,0.1838716154199174,0.02225791647544745,0.002351996328591097,0.005349357503441946,0.005248967416245984,0.005550137677833869,0.005722234970169803,0.294315052776503,101197,69728,0.47533272143184946,0.1838716154199174,0.02225791647544745,0.002351996328591097,0.005349357503441946,0.005248967416245984,0.005550137677833869,0.005722234970169803,0.294315052776503
13,Inyo,13689,10036,0.30290952570745316,0.3978676763650857,0.04165005978477481,0.005380629732961339,0.010063770426464728,0.0024910322837783977,9.964129135113592e-05,0.004782781984854523,0.23475488242327622,13689,10036,0.30290952570745316,0.3978676763650857,0.04165005978477481,0.005380629732961339,0.010063770426464728,0.0024910322837783977,9.964129135113592e-05,0.004782781984854523,0.23475488242327622,13689,10036,0.30290952570745316,0.3978676763650857,0.04165005978477481,0.005380629732961339,0.010063770426464728,0.0024910322837783977,9.964129135113592e-05,0.004782781984854523,0.23475488242327622
14,Kern,518711,375881,0.33537741998132387,0.3527579207249103,0.0331142036974468,0.002604547715899447,0.00863039100140736,0.0036793559663829776,0.003961360111311825,0.001380756143566714,0.2584940446577507,518711,375881,0.33537741998132387,0.3527579207249103,0.0331142036974468,0.002604547715899447,0.00863039100140736,0.0036793559663829776,0.003961360111311825,0.001380756143566714,0.2584940446577507,518711,375881,0.33537741998132387,0.3527579207249103,0.0331142036974468,0.002604547715899447,0.00863039100140736,0.0036793559663829776,0.003961360111311825,0.001380756143566714,0.2584940446577507
15,Kings,80450,52631,0.3236495601451616,0.40780148581634396,0.026239288632174954,0.002109023199255192,0.008246090706997777,0.0027930307233379565,0.004636050996560962,0.0027930307233379565,0.22173243905682963,80450,52631,0.3236495601451616,0.40780148581634396,0.026239288632174954,0.002109023199255192,0.008246090706997777,0.0027930307233379565,0.004636050996560962,0.0027930307233379565,0.22173243905682963,80450,52631,0.3236495601451616,0.40780148581634396,0.026239288632174954,0.002109023199255192,0.008246090706997777,0.0027930307233379565,0.004636050996560962,0.0027930307233379565,0.22173243905682963
16,Lake,49469,32653,0.3783419593911739,0.266713625088047,0.039720699476311516,0.009953143662144366,0.01102502067191376,0.005022509417205157,3.062505742198267e-05,0.0015006278136771507,0.28769178942210516,49469,32653,0.3783419593911739,0.266713625088047,0.039720699476311516,0.009953143662144366,0.01102502067191376,0.005022509417205157,3.062505742198267e-05,0.0015006278136771507,0.28769178942210516,49469,32653,0.3783419593911739,0.266713625088047,0.039720699476311516,0.009953143662144366,0.01102502067191376,0.005022509417205157,3.062505742198267e-05,0.0015006278136771507,0.28769178942210516
17,Lassen,16571,14332,0.19976276862963996,0.48548702204856264,0.05323751046608987,0.0033491487580240022,0.010466089868825006,0.0030700530281886685,0.0003488696622941669,0.005861010326542004,0.23841752721183365,16571,14332,0.19976276862963996,0.48548702204856264,0.05323751046608987,0.0033491487580240022,0.010466089868825006,0.0030700530281886685,0.0003488696622941669,0.005861010326542004,0.23841752721183365,16571,14332,0.19976276862963996,0.48548702204856264,0.05323751046608987,0.0033491487580240022,0.010466089868825006,0.0030700530281886685,0.0003488696622941669,0.005861010326542004,0.23841752721183365
18,Los Angeles,6230147,5280658,0.5008025515002108,0.17041872433321756,0.0210687758987611,0.004168041179716618,0.005998684254878843,0.005488331189029852,0.003935683772741958,0.007607385291757201,0.2805118225796861,6230147,5280658,0.5008025515002108,0.17041872433321756,0.0210687758987611,0.004168041179716618,0.005998684254878843,0.005488331189029852,0.003935683772741958,0.007607385291757201,0.2805118225796861,6230147,5280658,0.5008025515002108,0.17041872433321756,0.0210687758987611,0.004168041179716618,0.005998684254878843,0.005488331189029852,0.003935683772741958,0.007607385291757201,0.2805118225796861
19,Madera,89818,57418,0.3157372252603713,0.3851405482601275,0.031105228325612178,0.0028039987460378277,0.007610853739245533,0.0035528928210665643,0.003169737712912327,0.004145041624577658,0.24673447351004912,89818,57418,0.3157372252603713,0.3851405482601275,0.031105228325612178,0.0028039987460378277,0.007610853739245533,0.0035528928210665643,0.003169737712912327,0.004145041624577658,0.24673447351004912,89818,57418,0.3157372252603713,0.3851405482601275,0.031105228325612178,0.0028039987460378277,0.007610853739245533,0.0035528928210665643,0.003169737712912327,0.004145041624577658,0.24673447351004912
20,Marin,181925,160944,0.5556280445372304,0.14817576299830998,0.02216298836862511,0.008170543791629386,0.006350034794711204,0.0015409086390297247,0.0015906153693210062,0.003007257182622527,0.2533738443185207,181925,160944,0.5556280445372304,0.14817576299830998,0.02216298836862511,0.008170543791629386,0.006350034794711204,0.0015409086390297247,0.0015906153693210062,0.003007257182622527,0.2533738443185207,181925,160944,0.5556280445372304,0.14817576299830998,0.02216298836862511,0.008170543791629386,0.006350034794711204,0.0015409086390297247,0.0015906153693210062,0.003007257182622527,0.2533738443185207
21,Mariposa,14933,10853,0.2811204275315581,0.42541232838846404,0.03842255597530637,0.007831935870266286,0.011148991062379066,0.002764212660093983,0.000829263798028195,0.012715378236432323,0.21975490647747167,14933,10853,0.2811204275315581,0.42541232838846404,0.03842255597530637,0.007831935870266286,0.011148991062379066,0.002764212660093983,0.000829263798028195,0.012715378236432323,0.21975490647747167,14933,10853,0.2811204275315581,0.42541232838846404,0.03842255597530637,0.007831935870266286,0.011148991062379066,0.002764212660093983,0.000829263798028195,0.012715378236432323,0.21975490647747167
22,Mendocino,64399,49411,0.4724049300762988,0.19766853534638035,0.03343385076197608,0.021412236141749814,0.010341826718746838,0.004432211450891502,0.007872740887656595,0.003076238084637024,0.24935743053166298,64399,49411,0.4724049300762988,0.19766853534638035,0.03343385076197608,0.021412236141749814,0.010341826718746838,0.004432211450891502,0.007872740887656595,0.003076238084637024,0.24935743053166298,64399,49411,0.4724049300762988,0.19766853534638035,0.03343385076197608,0.021412236141749814,0.010341826718746838,0.004432211450891502,0.007872740887656595,0.003076238084637024,0.24935743053166298
23,Merced,160905,97584,0.4326016560091818,0.27390760780455814,0.03044556484669618,0.0032997212657812757,0.007357763567797999,0.002592638137399574,0.00016396130513198886,0.0011374815543531726,0.24849360550909985,160905,97584,0.4326016560091818,0.27390760780455814,0.03044556484669618,0.0032997212657812757,0.007357763567797999,0.002592638137399574,0.00016396130513198886,0.0011374815543531726,0.24849360550909985,160905,97584,0.4326016560091818,0.27390760780455814,0.03044556484669618,0.0032997212657812757,0.007357763567797999,0.002592638137399574,0.00016396130513198886,0.0011374815543531726,0.24849360550909985
24,Modoc,7392,5118,0.21590465025400546,0.4925752246971473,0.049824150058616644,0.004103165298944901,0.008792497069167644,0.0031262211801484957,0.0009769441187964048,0.0025400547088706526,0.22215709261430247,7392,5118,0.21590465025400546,0.4925752246971473,0.049824150058616644,0.004103165298944901,0.008792497069167644,0.0031262211801484957,0.0009769441187964048,0.0025400547088706526,0.22215709261430247,7392,5118,0.21590465025400546,0.4925752246971473,0.049824150058616644,0.004103165298944901,0.008792497069167644,0.0031262211801484957,0.0009769441187964048,0.0025400547088706526,0.22215709261430247
25,Mono,9542,6597,0.34561164165529784,0.304835531302107,0.0389571017128998,0.008033954827952099,0.010004547521600727,0.0043959375473700164,0.00030316810671517357,0.001364256480218281,0.286493860845839,9542,6597,0.34561164165529784,0.304835531302107,0.0389571017128998,0.008033954827952099,0.010004547521600727,0.0043959375473700164,0.00030316810671517357,0.001364256480218281,0.286493860845839,9542,6597,0.34561164165529784,0.304835531302107,0.0389571017128998,0.008033954827952099,0.010004547521600727,0.0043959375473700164,0.00030316810671517357,0.001364256480218281,0.286493860845839
26,Monterey,244901,187350,0.49225513744328797,0.20539097945022686,0.023688283960501735,0.0051080864691753405,0.006896183613557512,0.0033146517213771018,0.0030584467574059247,0.0009821190285561783,0.2593061115559114,244901,187350,0.49225513744328797,0.20539097945022686,0.023688283960501735,0.0051080864691753405,0.006896183613557512,0.0033146517213771018,0.0030584467574059247,0.0009821190285561783,0.2593061115559114,244901,187350,0.49225513744328797,0.20539097945022686,0.023688283960501735,0.0051080864691753405,0.006896183613557512,0.0033146517213771018,0.0030584467574059247,0.0009821190285561783,0.2593061115559114
27,Napa,92369,78135,0.455071350867089,0.22096371664426953,0.02996096499648045,0.007243872784283611,0.00866449094515902,0.0026876559800345554,0.0030332117488961413,0.00413387086452934,0.2682408651692583,92369,78135,0.455071350867089,0.22096371664426953,0.02996096499648045,0.007243872784283611,0.00866449094515902,0.0026876559800345554,0.0030332117488961413,0.00413387086452934,0.2682408651692583,92369,78135,0.455071350867089,0.22096371664426953,0.02996096499648045,0.007243872784283611,0.00866449094515902,0.0026876559800345554,0.0030332117488961413,0.00413387086452934,0.2682408651692583
28,Nevada,78603,68954,0.3616613974533747,0.33004611770165615,0.035429416712591005,0.01148591814833077,0.012559097369260667,0.0027844650056559448,0.00010151695333120632,0.1500855642892363,0.09584650636656322,78603,68954,0.3616613974533747,0.33004611770165615,0.035429416712591005,0.01148591814833077,0.012559097369260667,0.0027844650056559448,0.00010151695333120632,0.1500855642892363,0.09584650636656322,78603,68954,0.3616613974533747,0.33004611770165615,0.035429416712591005,0.01148591814833077,0.012559097369260667,0.0027844650056559448,0.00010151695333120632,0.1500855642892363,0.09584650636656322
29,Orange,2028366,1560111,0.3356325287110981,0.34719644948340217,0.0251700039292076,0.0030869598381140827,0.008739121767617817,0.0025081548684676926,0.00012947796663186146,0.002124207828801925,0.2754130956066588,2028366,1560111,0.3356325287110981,0.34719644948340217,0.0251700039292076,0.0030869598381140827,0.008739121767617817,0.0025081548684676926,0.00012947796663186146,0.002124207828801925,0.2754130956066588,2028366,1560111,0.3356325287110981,0.34719644948340217,0.0251700039292076,0.0030869598381140827,0.008739121767617817,0.0025081548684676926,0.00012947796663186146,0.002124207828801925,0.2754130956066588
30,Placer,276613,234732,0.2824625530392107,0.41705008264744475,0.029983129696845766,0.0038725014058585963,0.01620145527665593,0.0019000391936335906,0.002428301211594499,0.004051428863555033,0.24205050866520117,276613,234732,0.2824625530392107,0.41705008264744475,0.029983129696845766,0.0038725014058585963,0.01620145527665593,0.0019000391936335906,0.002428301211594499,0.004051428863555033,0.24205050866520117,276613,234732,0.2824625530392107,0.41705008264744475,0.029983129696845766,0.0038725014058585963,0.01620145527665593,0.0019000391936335906,0.002428301211594499,0.004051428863555033,0.24205050866520117
31,Plumas,15930,12480,0.2814102564102564,0.4230769230769231,0.047996794871794875,0.004326923076923077,0.011378205128205128,0.0028044871794871795,0.0,0.0003205128205128205,0.22868589743589743,15930,12480,0.2814102564102564,0.4230769230769231,0.047996794871794875,0.004326923076923077,0.011378205128205128,0.0028044871794871795,0.0,0.0003205128205128205,0.22868589743589743,15930,12480,0.2814102564102564,0.4230769230769231,0.047996794871794875,0.004326923076923077,0.011378205128205128,0.0028044871794871795,0.0,0.0003205128205128205,0.22868589743589743
32,Riverside,1481361,1035957,0.3717847362390524,0.32908412221742794,0.030773478049764613,0.0027414265263905743,0.007625799140311808,0.0034895270749654666,0.0033157746894900077,0.004660425094863976,0.2465247109677332,1481361,1035957,0.3717847362390524,0.32908412221742794,0.030773478049764613,0.0027414265263905743,0.007625799140311808,0.0034895270749654666,0.0033157746894900077,0.004660425094863976,0.2465247109677332,1481361,1035957,0.3717847362390524,0.32908412221742794,0.030773478049764613,0.0027414265263905743,0.007625799140311808,0.0034895270749654666,0.0033157746894900077,0.004660425094863976,0.2465247109677332
33,Sacramento,1013368,765965,0.42434184329571195,0.25785773501400194,0.03021156319152964,0.004604649037488658,0.00942340707473579,0.00570652706063593,0.002507947491073352,0.0021123680585927555,0.26323395977623,1013368,765965,0.42434184329571195,0.25785773501400194,0.03021156319152964,0.004604649037488658,0.00942340707473579,0.00570652706063593,0.002507947491073352,0.0021123680585927555,0.26323395977623,1013368,765965,0.42434184329571195,0.25785773501400194,0.03021156319152964,0.004604649037488658,0.00942340707473579,0.00570652706063593,0.002507947491073352,0.0021123680585927555,0.26323395977623
34,San Benito,34253,30064,0.4539316125598723,0.25901410324640767,0.026643161255987226,0.003692123469930814,0.007683608302288451,0.0031599254922831293,9.978712080894092e-05,0.0013304949441192123,0.24444518360830228,34253,30064,0.4539316125598723,0.25901410324640767,0.026643161255987226,0.003692123469930814,0.007683608302288451,0.0031599254922831293,9.978712080894092e-05,0.0013304949441192123,0.24444518360830228,34253,30064,0.4539316125598723,0.25901410324640767,0.026643161255987226,0.003692123469930814,0.007683608302288451,0.0031599254922831293,9.978712080894092e-05,0.0013304949441192123,0.24444518360830228
35,San Bernardino,1330247,937316,0.3898482475493857,0.29433403462652935,0.03347003571901045,0.0031888925399758457,0.007589756282833111,0.004512885729039086,0.00336812771786676,0.004934301772294509,0.2587537180630652,1330247,937316,0.3898482475493857,0.29433403462652935,0.03347003571901045,0.0031888925399758457,0.007589756282833111,0.004512885729039086,0.00336812771786676,0.004934301772294509,0.2587537180630652,1330247,937316,0.3898482475493857,0.29433403462652935,0.03347003571901045,0.0031888925399758457,0.007589756282833111,0.004512885729039086,0.00336812771786676,0.004934301772294509,0.2587537180630652
36,San Diego,2224081,1741707,0.3598234375816369,0.27696966252073396,0.03224824841376879,0.004018471533960649,0.009361505695274807,0.0029878733908745847,0.0037997206189100694,0.0026761102757237583,0.3081149699691165,2224081,1741707,0.3598234375816369,0.27696966252073396,0.03224824841376879,0.004018471533960649,0.009361505695274807,0.0029878733908745847,0.0037997206189100694,0.0026761102757237583,0.3081149699691165,2224081,1741707,0.3598234375816369,0.27696966252073396,0.03224824841376879,0.004018471533960649,0.009361505695274807,0.0029878733908745847,0.0037997206189100694,0.0026761102757237583,0.3081149699691165
37,San Francisco,660296,500051,0.5683780254414049,0.06634723258227661,0.016078360007279257,0.008149168784783951,0.005965391530063933,0.0027417203445248583,0.003843607951988897,0.002017794184993131,0.3264786991726844,660296,500051,0.5683780254414049,0.06634723258227661,0.016078360007279257,0.008149168784783951,0.005965391530063933,0.0027417203445248583,0.003843607951988897,0.002017794184993131,0.3264786991726844,660296,500051,0.5683780254414049,0.06634723258227661,0.016078360007279257,0.008149168784783951,0.005965391530063933,0.0027417203445248583,0.003843607951988897,0.002017794184993131,0.3264786991726844
38,San Joaquin,458818,344891,0.41616916649028246,0.29128043352827415,0.026509824843211332,0.003000948125639695,0.006935524557033962,0.003838894027388363,0.0031720166661350978,0.003134323597890348,0.2459588681641446,458818,344891,0.41616916649028246,0.29128043352827415,0.026509824843211332,0.003000948125639695,0.006935524557033962,0.003838894027388363,0.0031720166661350978,0.003134323597890348,0.2459588681641446,458818,344891,0.41616916649028246,0.29128043352827415,0.026509824843211332,0.003000948125639695,0.006935524557033962,0.003838894027388363,0.0031720166661350978,0.003134323597890348,0.2459588681641446
39,San Luis Obispo,209049,172544,0.3450134458456973,0.34841547663204747,0.030647255192878337,0.006172338649851632,0.010200296735905045,0.00215017618694362,0.002880424703264095,0.009400500741839762,0.2451200853115727,209049,172544,0.3450134458456973,0.34841547663204747,0.030647255192878337,0.006172338649851632,0.010200296735905045,0.00215017618694362,0.002880424703264095,0.009400500741839762,0.2451200853115727,209049,172544,0.3450134458456973,0.34841547663204747,0.030647255192878337,0.006172338649851632,0.010200296735905045,0.00215017618694362,0.002880424703264095,0.009400500741839762,0.2451200853115727
40,San Mateo,507576,399351,0.5030987777669268,0.1522069557857624,0.020335494339565947,0.004825329096459005,0.005992222380812869,0.0023012337517622342,0.0021935590495579076,0.0021935590495579076,0.3068528687795949,507576,399351,0.5030987777669268,0.1522069557857624,0.020335494339565947,0.004825329096459005,0.005992222380812869,0.0023012337517622342,0.0021935590495579076,0.0021935590495579076,0.3068528687795949,507576,399351,0.5030987777669268,0.1522069557857624,0.020335494339565947,0.004825329096459005,0.005992222380812869,0.0023012337517622342,0.0021935590495579076,0.0021935590495579076,0.3068528687795949
41,Santa Barbara,294186,217417,0.4235455369175363,0.2566956585731566,0.025356802825905977,0.005151391105571322,0.007869669805029046,0.002377918929982476,0.003435793889162301,0.006154072588620025,0.26941315536503585,294186,217417,0.4235455369175363,0.2566956585731566,0.025356802825905977,0.005151391105571322,0.007869669805029046,0.002377918929982476,0.003435793889162301,0.006154072588620025,0.26941315536503585,294186,217417,0.4235455369175363,0.2566956585731566,0.025356802825905977,0.005151391105571322,0.007869669805029046,0.002377918929982476,0.003435793889162301,0.006154072588620025,0.26941315536503585
42,Santa Clara,1208495,885764,0.4556371674622134,0.17263514886583786,0.019928558848632368,0.0038588156664754944,0.006789618905261446,0.0025559855672617087,8.241472897972824e-05,0.001787157753080956,0.336725132202257,1208495,885764,0.4556371674622134,0.17263514886583786,0.019928558848632368,0.0038588156664754944,0.006789618905261446,0.0025559855672617087,8.241472897972824e-05,0.001787157753080956,0.336725132202257,1208495,885764,0.4556371674622134,0.17263514886583786,0.019928558848632368,0.0038588156664754944,0.006789618905261446,0.0025559855672617087,8.241472897972824e-05,0.001787157753080956,0.336725132202257
43,Santa Cruz,189838,159499,0.5458717609514793,0.1401450792794939,0.021580072602336065,0.01092796820042759,0.009103505351130728,0.003253938896168628,0.00011285337212145531,0.005962419827083555,0.2630424015197587,189838,159499,0.5458717609514793,0.1401450792794939,0.021580072602336065,0.01092796820042759,0.009103505351130728,0.003253938896168628,0.00011285337212145531,0.005962419827083555,0.2630424015197587,189838,159499,0.5458717609514793,0.1401450792794939,0.021580072602336065,0.01092796820042759,0.009103505351130728,0.003253938896168628,0.00011285337212145531,0.005962419827083555,0.2630424015197587
44,Shasta,134126,101782,0.2323495313513195,0.46005187557721405,0.040626043897742235,0.00382189385156511,0.011043209997838518,0.0032913481755123698,5.894951956141557e-05,0.002475879821579454,0.24628126780766738,134126,101782,0.2323495313513195,0.46005187557721405,0.040626043897742235,0.00382189385156511,0.011043209997838518,0.0032913481755123698,5.894951956141557e-05,0.002475879821579454,0.24628126780766738,134126,101782,0.2323495313513195,0.46005187557721405,0.040626043897742235,0.00382189385156511,0.011043209997838518,0.0032913481755123698,5.894951956141557e-05,0.002475879821579454,0.24628126780766738
45,Sierra,2622,2190,0.2762557077625571,0.39817351598173517,0.056164383561643834,0.0091324200913242,0.013242009132420091,0.0018264840182648401,0.0,0.019178082191780823,0.22602739726027396,2622,2190,0.2762557077625571,0.39817351598173517,0.056164383561643834,0.0091324200913242,0.013242009132420091,0.0018264840182648401,0.0,0.019178082191780823,0.22602739726027396,2622,2190,0.2762557077625571,0.39817351598173517,0.056164383561643834,0.0091324200913242,0.013242009132420091,0.0018264840182648401,0.0,0.019178082191780823,0.22602739726027396
46,Siskiyou,34508,27566,0.3001523616048756,0.3786185881157948,0.046542842632228104,0.0077994631067256764,0.012479140970761082,0.004715954436624828,0.0031923383878691143,0.0023942537909018356,0.24410505695421897,34508,27566,0.3001523616048756,0.3786185881157948,0.046542842632228104,0.0077994631067256764,0.012479140970761082,0.004715954436624828,0.0031923383878691143,0.0023942537909018356,0.24410505695421897,34508,27566,0.3001523616048756,0.3786185881157948,0.046542842632228104,0.0077994631067256764,0.012479140970761082,0.004715954436624828,0.0031923383878691143,0.0023942537909018356,0.24410505695421897
47,Solano,294055,231510,0.45636041639669994,0.21629303269837155,0.02832707010496307,0.00375793702215887,0.007762083711286769,0.003170489395706449,0.0043842598591853485,0.005921990410781392,0.27402272040084663,294055,231510,0.45636041639669994,0.21629303269837155,0.02832707010496307,0.00375793702215887,0.007762083711286769,0.003170489395706449,0.0043842598591853485,0.005921990410781392,0.27402272040084663,294055,231510,0.45636041639669994,0.21629303269837155,0.02832707010496307,0.00375793702215887,0.007762083711286769,0.003170489395706449,0.0043842598591853485,0.005921990410781392,0.27402272040084663
48,Sonoma,349097,274292,0.5191584151196535,0.18144167529494115,0.024401003310340806,0.010751316115672349,0.008253977513015327,0.0023916118588949,0.0029676403249092207,0.004181675003281175,0.24645268545929155,349097,274292,0.5191584151196535,0.18144167529494115,0.024401003310340806,0.010751316115672349,0.008253977513015327,0.0023916118588949,0.0029676403249092207,0.004181675003281175,0.24645268545929155,349097,274292,0.5191584151196535,0.18144167529494115,0.024401003310340806,0.010751316115672349,0.008253977513015327,0.0023916118588949,0.0029676403249092207,0.004181675003281175,0.24645268545929155
49,Stanislaus,346439,248466,0.3728598681509744,0.34864729983176773,0.029102573390323024,0.002768990525866718,0.007703267247832701,0.0034008677243566525,0.003952251012210926,0.009091787206297844,0.22247309491037004,346439,248466,0.3728598681509744,0.34864729983176773,0.029102573390323024,0.002768990525866718,0.007703267247832701,0.0034008677243566525,0.003952251012210926,0.009091787206297844,0.22247309491037004,346439,248466,0.3728598681509744,0.34864729983176773,0.029102573390323024,0.002768990525866718,0.007703267247832701,0.0034008677243566525,0.003952251012210926,0.009091787206297844,0.22247309491037004
50,Sutter,60635,46087,0.29793651138064964,0.39032699025755635,0.03228676199362076,0.0023216959229283747,0.008288671425781673,0.003363204374335496,0.004643391845856749,0.013713194610193763,0.24711957818907718,60635,46087,0.29793651138064964,0.39032699025755635,0.03228676199362076,0.0023216959229283747,0.008288671425781673,0.003363204374335496,0.004643391845856749,0.013713194610193763,0.24711957818907718,60635,46087,0.29793651138064964,0.39032699025755635,0.03228676199362076,0.0023216959229283747,0.008288671425781673,0.003363204374335496,0.004643391845856749,0.013713194610193763,0.24711957818907718
51,Tehama,43847,33286,0.2523583488553746,0.4269062068136754,0.048098299585411286,0.003004266057802079,0.0114162110196479,0.003154479360692183,0.0,0.0024034128462416633,0.25265877546115484,43847,33286,0.2523583488553746,0.4269062068136754,0.048098299585411286,0.003004266057802079,0.0114162110196479,0.003154479360692183,0.0,0.0024034128462416633,0.25265877546115484,43847,33286,0.2523583488553746,0.4269062068136754,0.048098299585411286,0.003004266057802079,0.0114162110196479,0.003154479360692183,0.0,0.0024034128462416633,0.25265877546115484
52,Trinity,11301,7656,0.3136102403343783,0.3239289446185998,0.0479362591431557,0.012147335423197491,0.012408568443051202,0.005094043887147335,0.027951933124346916,0.07836990595611286,0.17855276907001044,11301,7656,0.3136102403343783,0.3239289446185998,0.0479362591431557,0.012147335423197491,0.012408568443051202,0.005094043887147335,0.027951933124346916,0.07836990595611286,0.17855276907001044,11301,7656,0.3136102403343783,0.3239289446185998,0.0479362591431557,0.012147335423197491,0.012408568443051202,0.005094043887147335,0.027951933124346916,0.07836990595611286,0.17855276907001044
53,Tulare,266322,169367,0.3110050954436224,0.3918768118936983,0.031269373608790375,0.00278684749685594,0.007894099795119474,0.0025624826560073687,0.003465846357318722,0.0018244404163739098,0.24731500233221348,266322,169367,0.3110050954436224,0.3918768118936983,0.031269373608790375,0.00278684749685594,0.007894099795119474,0.0025624826560073687,0.003465846357318722,0.0018244404163739098,0.24731500233221348,266322,169367,0.3110050954436224,0.3918768118936983,0.031269373608790375,0.00278684749685594,0.007894099795119474,0.0025624826560073687,0.003465846357318722,0.0018244404163739098,0.24731500233221348
54,Tuolumne,41054,31999,0.29363417606800213,0.41220038126191444,0.038657458045563926,0.00553142285696428,0.011312853526672708,0.002750085940185631,9.375292977905559e-05,0.0011250351573486672,0.23469483421356918,41054,31999,0.29363417606800213,0.41220038126191444,0.038657458045563926,0.00553142285696428,0.011312853526672708,0.002750085940185631,9.375292977905559e-05,0.0011250351573486672,0.23469483421356918,41054,31999,0.29363417606800213,0.41220038126191444,0.038657458045563926,0.00553142285696428,0.011312853526672708,0.002750085940185631,9.375292977905559e-05,0.0011250351573486672,0.23469483421356918
55,Ventura,550773,448174,0.3980016689946316,0.2964049677134327,0.023481951206451065,0.004025222346677852,0.008032594483392611,0.0026351372458018538,0.003817713655856877,0.011758825813188628,0.2518419185405668,550773,448174,0.3980016689946316,0.2964049677134327,0.023481951206451065,0.004025222346677852,0.008032594483392611,0.0026351372458018538,0.003817713655856877,0.011758825813188628,0.2518419185405668,550773,448174,0.3980016689946316,0.2964049677134327,0.023481951206451065,0.004025222346677852,0.008032594483392611,0.0026351372458018538,0.003817713655856877,0.011758825813188628,0.2518419185405668
56,Yolo,151613,113642,0.47270375389380687,0.19551750233188434,0.027296246106193134,0.007127646468735151,0.008289188856232732,0.003581422361450872,0.0037838123229087836,0.004927755583323068,0.2767726720754651,151613,113642,0.47270375389380687,0.19551750233188434,0.027296246106193134,0.007127646468735151,0.008289188856232732,0.003581422361450872,0.0037838123229087836,0.004927755583323068,0.2767726720754651,151613,113642,0.47270375389380687,0.19551750233188434,0.027296246106193134,0.007127646468735151,0.008289188856232732,0.003581422361450872,0.0037838123229087836,0.004927755583323068,0.2767726720754651
57,Yuba,48389,33754,0.26823487586656397,0.36182378384784025,0.04823132073235765,0.0043846655211234225,0.011613438407299876,0.005895597558807845,0.005540084138176216,0.0030218640753688453,0.29125436985246195,48389,33754,0.26823487586656397,0.36182378384784025,0.04823132073235765,0.0043846655211234225,0.011613438407299876,0.005895597558807845,0.005540084138176216,0.0030218640753688453,0.29125436985246195,48389,33754,0.26823487586656397,0.36182378384784025,0.04823132073235765,0.0043846655211234225,0.011613438407299876,0.005895597558807845,0.005540084138176216,0.0030218640753688453,0.29125436985246195
